"brand","price","location","date","petrol"
"MOL",609,"Budapest VIII, Futó u.",2023-10-28,"95 octane petrol"
"OMV",609.9,"Budapest VIII, Baross u. 5. (Kálvin tér)",2023-10-28,"95 octane petrol"
"Shell",608.9,"Budapest IX, Haller u. 56.",2023-10-28,"95 octane petrol"
"OMV",609.9,"Budapest VIII, Teleki tér",2023-10-28,"95 octane petrol"
"Avia",594.9,"Budapest IX, Vágóhíd utca 13.",2023-10-28,"95 octane petrol"
"MOL",609,"Budapest VIII, Golgota tér (VIII.)",2023-10-28,"95 octane petrol"
"Orlen",605,"Budapest VIII, Orczy út 46-48.",2023-10-28,"95 octane petrol"
"MOL",609,"Budapest VIII, Kerepesi út 5-7.",2023-10-28,"95 octane petrol"
"Shell",608.9,"Budapest IX, Könyves Kálmán krt. 18-20",2023-10-28,"95 octane petrol"
"OMV",609.9,"Budapest IX, Mester u. 89.",2023-10-28,"95 octane petrol"
"OMV",609.9,"Budapest VIII, Könyves Kálmán krt. 76. (Könyves/Kőbányai sarok",2023-10-28,"95 octane petrol"
"OMV",609.9,"Budapest XI, Irinyi út 34-36.",2023-10-28,"95 octane petrol"
"Mobil Petrol",576.9,"Budapest IX, Könyves Kálmán körút 3/b",2023-10-28,"95 octane petrol"
"MOL",609,"Budapest XI, Irinyi u.45. (XI.)",2023-10-28,"95 octane petrol"
"Orlen",605,"Budapest IX, Kvassay Jenő út 3",2023-10-28,"95 octane petrol"
"MOL",609,"Budapest X, Könyves K. krt. 23.",2023-10-28,"95 octane petrol"
"OMV",609.9,"Budapest VIII, Kerepesi út 22.",2023-10-28,"95 octane petrol"
"MOL",609,"Budapest XI, Prielle Kornélia u. (XI.)",2023-10-28,"95 octane petrol"
"MOL",609,"Budapest IX, Gubacsi u. 27. (IX.)",2023-10-28,"95 octane petrol"
"MOL",609,"Budapest VIII, Hős u. 9. (VIII.)",2023-10-28,"95 octane petrol"
"OMV",609.9,"Budapest XI, Budafoki út 111.",2023-10-28,"95 octane petrol"
"OMV",609.9,"Budapest IX, Üllői út 137.",2023-10-28,"95 octane petrol"
"OMV",609.9,"Budapest IX, Gyáli út 30.",2023-10-28,"95 octane petrol"
"Orlen",605,"Budapest IX, Gyáli út (M5), Ecseri út 9. ",2023-10-28,"95 octane petrol"
"OMV",609.9,"Budapest X, Üllői út 110-112.",2023-10-28,"95 octane petrol"
"MOL",609,"Budapest XXI, Weiss Manfréd út 2.",2023-10-28,"95 octane petrol"
"Shell",608.9,"Budapest XIV, Kerepesi út 42-46.",2023-10-28,"95 octane petrol"
"OMV",609.9,"Budapest XIV, Hungária krt. 116-118.",2023-10-28,"95 octane petrol"
"Shell",608.9,"Budapest XI, Tétényi út 2.",2023-10-28,"95 octane petrol"
"MOL",609,"Budapest XIV, Hungária krt.83-85. (XIV.)",2023-10-28,"95 octane petrol"
"Shell",608.9,"Budapest I, Mészáros u. 56/A.",2023-10-28,"95 octane petrol"
"Shell",608.9,"Budapest IX, Kén u. 1.",2023-10-28,"95 octane petrol"
"Orlen",605,"Budapest XI, Bartók Béla út 105.",2023-10-28,"95 octane petrol"
"MOL",609,"Budapest I, Mészáros u. 19.",2023-10-28,"95 octane petrol"
"Orlen",605,"Budapest XIV, Mogyoródi út 22-32.",2023-10-28,"95 octane petrol"
"Shell",608.9,"Budapest VI, Dózsa György út 120.",2023-10-28,"95 octane petrol"
"Other",609,"Budapest X, Kőbányai út 55.",2023-10-28,"95 octane petrol"
"OMV",609.9,"Budapest XIV, Hungária krt. 175-177.",2023-10-28,"95 octane petrol"
"OMV",609.9,"Budapest XI, Budaörsi út 1. (BAH-csomópont)",2023-10-28,"95 octane petrol"
"Shell",608.9,"Budapest X, Kőbányai út 56.",2023-10-28,"95 octane petrol"
"MOL",609,"Budapest IX, Gyáli út 38236/441",2023-10-28,"95 octane petrol"
"Shell",608.9,"Budapest XIV, Egressy út 31-35.",2023-10-28,"95 octane petrol"
"MOL",609,"Budapest XI, Nagyszőlős u. 47-49. (4566/2 hrsz.)",2023-10-28,"95 octane petrol"
"Shell",608.9,"Budapest XI, Budafoki út 209-215.",2023-10-28,"95 octane petrol"
"Shell",608.9,"Budapest I, Alkotás u. 20-24.",2023-10-28,"95 octane petrol"
"OMV",609.9,"Budapest XIV, Fogarasi út 56/A.",2023-10-28,"95 octane petrol"
"MOL",609,"Budapest XIII, Váci út 19.",2023-10-28,"95 octane petrol"
"OMV",609.9,"Budapest II, Tölgyfa u. 1-3.",2023-10-28,"95 octane petrol"
"MOL",609,"Budapest XIV, Vágány u. 21. (XIV.)",2023-10-28,"95 octane petrol"
"MOL",609,"Budapest IX, Napfény u. 26. (IX.)",2023-10-28,"95 octane petrol"
"MOL",609,"Budapest XIV, Róna u. 170. (XIV.)",2023-10-28,"95 octane petrol"
"Shell",608.9,"Budapest II, Csalogány u. 55.",2023-10-28,"95 octane petrol"
"MOL",610,"Budapest XI, Hunyadi János út 2. (XI.)",2023-10-28,"95 octane petrol"
"OMV",609.9,"Budapest XI, Fehérvári út 166.",2023-10-28,"95 octane petrol"
"OMV",609.9,"Budapest XIII, Róbert Károly krt. 64-66.",2023-10-28,"95 octane petrol"
"OMV",609.9,"Budapest X, Kőrösi Csoma Sándor út",2023-10-28,"95 octane petrol"
"MOL",609,"Budapest XIX, Ady Endre út 22-26.",2023-10-28,"95 octane petrol"
"MOL",609,"Budapest XI, Szeghalom u.",2023-10-28,"95 octane petrol"
"OMV",609.9,"Budapest IX, Határ út - Soroksári út sarok",2023-10-28,"95 octane petrol"
"Shell",608.9,"Budapest XIX, Üllői út 233.",2023-10-28,"95 octane petrol"
"MOL",609,"Budapest X, Fehér u. 3. (X.) ",2023-10-28,"95 octane petrol"
"Other",609,"Budapest XIV, Ógyalla tér 1.",2023-10-28,"95 octane petrol"
"OMV",609.9,"Budapest XI, Budaörsi út 112.",2023-10-28,"95 octane petrol"
"Shell",608.9,"Budapest XIII, Népfürdő u. 14.",2023-10-28,"95 octane petrol"
"OMV",646.9,"Budapest XI, Balatoni út M1/M7 756/17 hrsz",2023-10-28,"95 octane petrol"
"MOL",609,"Budapest XXI, Kossuth L. u. 3. (XXI.) ",2023-10-28,"95 octane petrol"
"Other",609,"Budapest XI, Budaörsi út 126.",2023-10-28,"95 octane petrol"
"Orlen",605,"Budapest XI, Hunyadi J. út",2023-10-28,"95 octane petrol"
"MOL",609,"Budapest XIII, Pap Károly u. (XIII.)",2023-10-28,"95 octane petrol"
"Shell",608.9,"Budapest XI, Péterhegyi út 54.",2023-10-28,"95 octane petrol"
"Shell",608.9,"Budapest X, Kerepesi út 61.",2023-10-28,"95 octane petrol"
"OMV",609.9,"Budapest II, Szilágyi Erzsébet fasor 51.",2023-10-28,"95 octane petrol"
"OMV",609.9,"Budapest XI, Péterhegyi út 66-68. ",2023-10-28,"95 octane petrol"
"OMV",609.9,"Budapest XXI, Védgát utca 47.",2023-10-28,"95 octane petrol"
"MOL",609,"Budapest XI, Mezőkövesd út 1.",2023-10-28,"95 octane petrol"
"MOL",609,"Budapest XIV, Csömöri út 27/A",2023-10-28,"95 octane petrol"
"MOL",609,"Budapest XX, Ady Endre út 67.",2023-10-28,"95 octane petrol"
"MOL",609,"Budapest XI, Rétköz utca (XI.)",2023-10-28,"95 octane petrol"
"Orlen",605,"Budapest X, Gyömrői út 56-62.",2023-10-28,"95 octane petrol"
"OMV",609.9,"Budapest X, Maglódi út - Jászberényi út sarok",2023-10-28,"95 octane petrol"
"MOL",609,"Budapest XII, Istenhegyi u.55. (XII.)",2023-10-28,"95 octane petrol"
"OMV",609.9,"Budapest XIV, Kacsóh Pongrác út 131.",2023-10-28,"95 octane petrol"
"Shell",608.9,"Budapest XIII, Béke út 58.",2023-10-28,"95 octane petrol"
"OMV",609.9,"Budapest XIV, Tengerszem u. 61-67.",2023-10-28,"95 octane petrol"
"OMV",609.9,"Budapest XIII, Váci út 95.",2023-10-28,"95 octane petrol"
"MOL",609,"Budapest III, Árpád fejedelem út 103.",2023-10-28,"95 octane petrol"
"Other",585,"Budapest XI, Hunyadi János u. 19. Savoya Park",2023-10-28,"95 octane petrol"
"OMV",609.9,"Budapest X, Kerepesi út 73.",2023-10-28,"95 octane petrol"
"Other",0,"Budapest XXI, Csepel Művek Főkapu, Színesfém u. 23.",2023-10-28,"95 octane petrol"
"Shell",608.9,"Budapest XIV, Fogarasi út 183.",2023-10-28,"95 octane petrol"
"Other",581,"Budapest X, Maglódi út 12/B",2023-10-28,"95 octane petrol"
"Shell",608.9,"Budapest X, Sibrik Miklós út 30.",2023-10-28,"95 octane petrol"
"Other",590.9,"Budapest X, Sibrik-Gyömrői sarok",2023-10-28,"95 octane petrol"
"MOL",609,"Budapest XIX, Nagykőrösi út (XIX.) 88.",2023-10-28,"95 octane petrol"
"Shell",608.9,"Budapest XIV, Füredi út 63.",2023-10-28,"95 octane petrol"
"OMV",609.9,"Budapest XX, Nagykőrösi út 185",2023-10-28,"95 octane petrol"
"Shell",608.9,"Budapest II, Szilágyi E. fasor 125.",2023-10-28,"95 octane petrol"
"Other",593,"Budapest X, Gyömrői út 105.",2023-10-28,"95 octane petrol"
"OMV",609.9,"Budapest XXII, Hajó út, Ártér u. 5.",2023-10-28,"95 octane petrol"
"MOL",609,"Budapest XIX, Üllői út 303.",2023-10-28,"95 octane petrol"
"Avia",0,"Budapest X, Keresztúri út 108/a.",2023-10-28,"95 octane petrol"
"OMV",609.9,"Budapest XV, Alkotmány út 14-20.",2023-10-28,"95 octane petrol"
"MOL",609,"Budapest XXI, Szent István út  (XXI.)",2023-10-28,"95 octane petrol"
"MOL",609,"Budapest XIII, Váci út 178. (XIII.)",2023-10-28,"95 octane petrol"
"Shell",608.9,"Budapest XI, Budaörsi út 118.",2023-10-28,"95 octane petrol"
"MOL",609,"Budapest XXIII, Helsinki u. 108-112.",2023-10-28,"95 octane petrol"
"Shell",608.9,"Budapest XXI, Csepel, Rákóczi Ferenc út 182.",2023-10-28,"95 octane petrol"
"Mobil Petrol",590.9,"Budapest XIX, Citroen utca 2. ",2023-10-28,"95 octane petrol"
"Shell",608.9,"Budapest XI, Balatoni út",2023-10-28,"95 octane petrol"
"MOL",609,"Budapest III, Szentendrei út 100.",2023-10-28,"95 octane petrol"
"Shell",608.9,"Budapest XVIII, Gyömrői út 156.",2023-10-28,"95 octane petrol"
"Shell",608.9,"Budapest IV, Pozsonyi út 1.",2023-10-28,"95 octane petrol"
"MOL",609,"Budapest III, Szentendrei út 59/a",2023-10-28,"95 octane petrol"
"Other",592,"Budapest XV, Rákospalotai határút 14.",2023-10-28,"95 octane petrol"
"MOL",609,"Budapest III, Mozaik u. 3.",2023-10-28,"95 octane petrol"
"OMV",609.9,"Budapest XXI, II. Rákóczi Ferenc út 189.",2023-10-28,"95 octane petrol"
"MOL",609,"Budapest XIX, Puskás F. u. (XIX.)  ",2023-10-28,"95 octane petrol"
"Shell",608.9,"Budapest XIII, Váci út 196.",2023-10-28,"95 octane petrol"
"Avia",0,"Budapest XXI, II. Rákóczi Ferenc u. 195-197.",2023-10-28,"95 octane petrol"
"Mobil Petrol",590.9,"Budapest X, Jászberényi út 53.",2023-10-28,"95 octane petrol"
"Other",0,"Budapest XVIII, Lakatos út 61-63.",2023-10-28,"95 octane petrol"
"Shell",608.9,"Budapest III, Bécsi út 277. A",2023-10-28,"95 octane petrol"
"MOL",609,"Budaörs, Repülőtér (Kinizsi u. 4047/2 hrsz.)",2023-10-28,"95 octane petrol"
"Shell",608.9,"Budapest XV, Szentmihályi út 152.",2023-10-28,"95 octane petrol"
"MOL",609,"Budapest XXII, Nagytétényi út",2023-10-28,"95 octane petrol"
"Shell",608.9,"Budapest XX, Mártírok útja 281.",2023-10-28,"95 octane petrol"
"MOL",609,"Budapest XV, Szentmihályi út 148.",2023-10-28,"95 octane petrol"
"OMV",609.9,"Budapest XV, Szentmihályi út 131.",2023-10-28,"95 octane petrol"
"OMV",609.9,"Budapest IV, Váci út 16.",2023-10-28,"95 octane petrol"
"Shell",608.9,"Budaörs, Kinizsi út 1-3.",2023-10-28,"95 octane petrol"
"OMV",609.9,"Budapest XV, Széchenyi tér 1.",2023-10-28,"95 octane petrol"
"MOL",609,"Budapest XIX, Méta u. - Zádor s.",2023-10-28,"95 octane petrol"
"Shell",608.9,"Budapest XXII, Nagytétényi út 27.",2023-10-28,"95 octane petrol"
"MOL",609,"Budapest III, Gémeskút u. 12.",2023-10-28,"95 octane petrol"
"MOL",609,"Budapest XVI, Arany J. u. 106. (XVI.)",2023-10-28,"95 octane petrol"
"MOL",609,"Budapest XVI, Veres Péter út 105-107.(XVI.)",2023-10-28,"95 octane petrol"
"OMV",609.9,"Budapest XXIII, Nagykőrösi út 349.",2023-10-28,"95 octane petrol"
"OMV",609.9,"Budapest II, Hűvösvölgyi út 118.",2023-10-28,"95 octane petrol"
"Other",597,"Budapest XVI, Margit u. 114.",2023-10-28,"95 octane petrol"
"Other",585,"Budapest XXI, Rákóczi Ferenc út 277.  Szigetszentmiklós",2023-10-28,"95 octane petrol"
"MOL",609,"Budaörs, Rubik Ernő u. 3.",2023-10-28,"95 octane petrol"
"MOL",609,"Budaörs, Garibaldi u. 2.",2023-10-28,"95 octane petrol"
"Shell",608.9,"Budapest XVIII, Méta u. Cziffra György utca",2023-10-28,"95 octane petrol"
"OMV",609.9,"Budapest XVI, Szlovák út - Csömöri út sarok",2023-10-28,"95 octane petrol"
"OMV",609.9,"Budapest XVIII, Haladás utca - Ráday út sarok",2023-10-28,"95 octane petrol"
"Other",585,"Budapest XXIII, Bevásárló u. 2. Soroksár",2023-10-28,"95 octane petrol"
"Other",600,"Budaörs, Szabadság út 110-120.",2023-10-28,"95 octane petrol"
"MOL",609,"Budapest II, Hűvösvölgyi út 136.",2023-10-28,"95 octane petrol"
"OMV",609.9,"Budapest IV, Váci út 77. - Megyeri út sarok",2023-10-28,"95 octane petrol"
"MOL",609,"Budapest IV, Fóti út 130.",2023-10-28,"95 octane petrol"
"MOL",609,"Budapest IV, Váci út 84-90.",2023-10-28,"95 octane petrol"
"Other",585,"Budaörs, Sport u. 2-4.",2023-10-28,"95 octane petrol"
"MOL",609,"Budapest XV, Bogáncs u. (XV.)",2023-10-28,"95 octane petrol"
"Shell",639.9,"Budapest XV, M3 12 km Észak - Szilas Pihenő",2023-10-28,"95 octane petrol"
"Shell",639.9,"Budapest XV, M3 12. km Dél - Szilas Pihenő",2023-10-28,"95 octane petrol"
"OMV",609.9,"Budapest III, Szentendrei út - Czetz J. u. sarok",2023-10-28,"95 octane petrol"
"Orlen",605,"Budapest XVI, Bökényföldi út 108.",2023-10-28,"95 octane petrol"
"MOL",609,"Budapest III, Szentendrei út 255.",2023-10-28,"95 octane petrol"
"OMV",609.9,"Budapest XVI, Szabadföldi út 1.",2023-10-28,"95 octane petrol"
"MOL",609,"Budapest XVIII, Üllői út 661. (XVIII.)",2023-10-28,"95 octane petrol"
"MOL",609,"Törökbálint, Raktárvárosi u. 3.",2023-10-28,"95 octane petrol"
"Orlen",605,"Budapest XVII, Pesti út 2.",2023-10-28,"95 octane petrol"
"OMV",609.9,"Budapest XXIII, Haraszti út 32/A",2023-10-28,"95 octane petrol"
"MOL",609,"Budapest XVII, Pesti út. 5. (XVII.)",2023-10-28,"95 octane petrol"
"Shell",639.9,"Szigetszentmiklós, M0 Szigetszentmiklós",2023-10-28,"95 octane petrol"
"Shell",608.9,"Budapest XVII, Pesti út 6.",2023-10-28,"95 octane petrol"
"Shell",608.9,"Budapest XXIII, Haraszti út 38./b",2023-10-28,"95 octane petrol"
"OMV",609.9,"Budapest III, Királyok útja 178.",2023-10-28,"95 octane petrol"
"MOL",609,"Budakeszi, Budaörsi u. 2749/8 hrsz.",2023-10-28,"95 octane petrol"
"Shell",608.9,"Budakeszi, Szőlőskert u. 1.",2023-10-28,"95 octane petrol"
"OMV",646.9,"Szigetszentmiklós, M0 19.km",2023-10-28,"95 octane petrol"
"MOL",609,"Budakeszi, Temető út (Hrsz.: 2405)",2023-10-28,"95 octane petrol"
"MOL",609,"Diósd, Tétényi u. 2. (hrsz 3666/1)",2023-10-28,"95 octane petrol"
"Shell",608.9,"Budapest III, Szentendrei út 373.",2023-10-28,"95 octane petrol"
"Shell",608.9,"Budapest III, Batthyány út 27.",2023-10-28,"95 octane petrol"
"OMV",609.9,"Budapest XVII, Pesti út 18.",2023-10-28,"95 octane petrol"
"Other",597.9,"Budakeszi, Bianka utca 1. ZONE Bevásárlópark",2023-10-28,"95 octane petrol"
"Shell",608.9,"Budapest XXIII, Ócsai u HRSZ 197969/5",2023-10-28,"95 octane petrol"
"Other",585,"Fót, Fehérkő u. 1.",2023-10-28,"95 octane petrol"
"MOL",609,"Budapest XXIII, Ócsai u.kimenő (XXIII.) 7.",2023-10-28,"95 octane petrol"
"OMV",609.9,"Budapest XVIII, Alacskai út 1.",2023-10-28,"95 octane petrol"
"MOL",609,"Budapest XVII, Cinkotai út 30.",2023-10-28,"95 octane petrol"
"OMV",609.9,"Budapest XVII, Cinkotai út 51.",2023-10-28,"95 octane petrol"
"OMV",609.9,"Üröm, Bécsi u. 2.",2023-10-28,"95 octane petrol"
"Other",592,"Budapest XVI, Simongát utca 2.",2023-10-28,"95 octane petrol"
"Orlen",605,"Szigetszentmiklós, Csepeli út 0188/80 hrsz",2023-10-28,"95 octane petrol"
"MOL",609,"Budapest XVIII, Üllői u.738. (XVIII.)",2023-10-28,"95 octane petrol"
"MOL",609,"Budapest XVI, Szabadföldi út 81.",2023-10-28,"95 octane petrol"
"Orlen",605,"Diósd, Balatoni út 11.",2023-10-28,"95 octane petrol"
"Shell",608.9,"Törökbálint, Park u. 1.",2023-10-28,"95 octane petrol"
"OMV",646.9,"Törökbálint, M0 körgyűrű 6 km",2023-10-28,"95 octane petrol"
"MOL",659,"Törökbálint, M0 autópálya 6 km. szelv.( Annahegyi pihenő) dél",2023-10-28,"95 octane petrol"
"MOL",609,"Diósd, Balatoni út 11.",2023-10-28,"95 octane petrol"
"Other",585,"Dunakeszi, Nádas u. 6.",2023-10-28,"95 octane petrol"
"MOL",609,"Budaörs, METRO  (Keleti utca)",2023-10-28,"95 octane petrol"
"Other",581,"Budapest XXII, Bányalég utca 108",2023-10-28,"95 octane petrol"
"Other",585,"Csömör, Határ út 6.",2023-10-28,"95 octane petrol"
"MOL",609,"Szigetszentmiklós, Petőfi Sándor utca 139",2023-10-28,"95 octane petrol"
"Shell",608.9,"Szigetszentmiklós, Csepeli út 19.",2023-10-28,"95 octane petrol"
"Other",585,"Budakalász, Omszk park 1.",2023-10-28,"95 octane petrol"
"Shell",608.9,"Szigetszentmiklós, II. Rákóczi Ferenc út 12. ",2023-10-28,"95 octane petrol"
"Shell",608.9,"Budapest XVII, Pesti út 237/c",2023-10-28,"95 octane petrol"
"Avia",598.9,"Nagytarcsa, Naplás utca 1. ",2023-10-28,"95 octane petrol"
"Other",0,"Nagytarcsa, Naplás u. 1.",2023-10-28,"95 octane petrol"
"Avia",598.9,"Nagytarcsa, 0135/50 hrsz.",2023-10-28,"95 octane petrol"
"Other",585,"Törökbálint, Torbágy u. 1.",2023-10-28,"95 octane petrol"
"MOL",609,"Vecsés, Fő út 6011/2 hrsz.",2023-10-28,"95 octane petrol"
"Shell",608.9,"Solymár, Rózsika u. 2.",2023-10-28,"95 octane petrol"
"Other",585,"Solymár, Szent Flórián u. 2-4.",2023-10-28,"95 octane petrol"
"Orlen",605,"Budapest XVII, Esztena u. 1.",2023-10-28,"95 octane petrol"
"Other",574.9,"Vecsés, Lőrinci utca 130",2023-10-28,"95 octane petrol"
"Other",0,"Budakalász, József Attila u. 75.",2023-10-28,"95 octane petrol"
"Other",572,"Budapest XVII, Pesti út 237. (Összekötő utca 4-6.)",2023-10-28,"95 octane petrol"
"Shell",608.9,"Vecsés, 4. sz. főút",2023-10-28,"95 octane petrol"
"Orlen",605,"Érd, Budafoki út (6.sz.főút)",2023-10-28,"95 octane petrol"
"OMV",609.9,"Dunaharaszti, Némedi u. sarok 51. sz. főút",2023-10-28,"95 octane petrol"
"Other",602,"Solymár, Sport u. 25.",2023-10-28,"95 octane petrol"
"Other",586,"Halásztelek, II. Rákóczi Ferenc út 29/10 hrsz. ",2023-10-28,"95 octane petrol"
"Shell",608.9,"Érd, Budafoki utca 2-4.",2023-10-28,"95 octane petrol"
"Other",590.9,"Érd, Erika u. 1.",2023-10-28,"95 octane petrol"
"MOL",609,"Érd, Budai út I.",2023-10-28,"95 octane petrol"
"MOL",609,"Érd, Budai út II.",2023-10-28,"95 octane petrol"
"OMV",609.9,"Kistarcsa, Szabadság u. 56.",2023-10-28,"95 octane petrol"
"MOL",609,"Dunaharaszti, Fő út 220. 510.-es főút",2023-10-28,"95 octane petrol"
"MOL",609,"Gyál, Körösi út  ",2023-10-28,"95 octane petrol"
"OMV",609.9,"Vecsés, Gyáli út 20-22.",2023-10-28,"95 octane petrol"
"Shell",608.9,"Dunakeszi, 2-es főút",2023-10-28,"95 octane petrol"
"Shell",608.9,"Fót, Szabadság út 10.",2023-10-28,"95 octane petrol"
"MOL",609,"Kerepes, Szabadság út  ",2023-10-28,"95 octane petrol"
"Oil",605,"Fót, Keleti Márton utca 7/a.",2023-10-28,"95 octane petrol"
"MOL",609,"Fót, Keleti Márton út",2023-10-28,"95 octane petrol"
"Orlen",605,"Dunakeszi, 2 sz. fõút",2023-10-28,"95 octane petrol"
"Shell",608.9,"Érd, Iparos út 42.",2023-10-28,"95 octane petrol"
"MOL",609,"Mogyoród, Hungaroring  ",2023-10-28,"95 octane petrol"
"OMV",609.9,"Szigetszentmiklós, Gyári út 3237 hrsz. ",2023-10-28,"95 octane petrol"
"MOL",609,"Pilisvörösvár, 10. sz. fkl. út (Hrsz. 0140/31.)",2023-10-28,"95 octane petrol"
"Other",597.9,"Gyál, M5 Gyál-Alsónémedi lehajtó",2023-10-28,"95 octane petrol"
"Other",647.9,"Dunaharaszti, 8601 hrsz.",2023-10-28,"95 octane petrol"
"Avia",599.9,"Érd, Szent László tér 6.",2023-10-28,"95 octane petrol"
"OMV",609.9,"Fót, Szabó Dezső u. 2/B.",2023-10-28,"95 octane petrol"
"OMV",609.9,"Szentendre, 11. sz. főút 17. km",2023-10-28,"95 octane petrol"
"Orlen",605,"Dunakeszi, Fő út 5152 hrsz.",2023-10-28,"95 octane petrol"
"MOL",609,"Pomáz, Árpád fejedelem u.",2023-10-28,"95 octane petrol"
"MOL",609,"Szigethalom, Petőfi Sándor u.  ",2023-10-28,"95 octane petrol"
"Other",587,"Érd, Ercsi út 34/b.",2023-10-28,"95 octane petrol"
"OMV",610,"Biatorbágy, Kossuth Lajos u. 1/a.",2023-10-28,"95 octane petrol"
"Orlen",605,"Szentendre, Dózsa Gy. út 20.",2023-10-28,"95 octane petrol"
"MOL",609,"Érd, Ercsi út hrsz. 26297/2",2023-10-28,"95 octane petrol"
"Other",597,"Ecser, Zrínyi u. 1.",2023-10-28,"95 octane petrol"
"OMV",0,"Érd, 6.sz. főút jobb 23km",2023-10-28,"95 octane petrol"
"OMV",0,"Érd, 6.sz. főút bal 23km",2023-10-28,"95 octane petrol"
"MOL",609,"Vecsés, M0 II. (bal) - Alacskai pihenő",2023-10-28,"95 octane petrol"
"Other",570.9,"Érd, Zámori út 4.",2023-10-28,"95 octane petrol"
"MOL",609,"Vecsés, M0 I. (jobb) - Alacskai pihenő",2023-10-28,"95 octane petrol"
"MOL",609,"Páty, 22-es km  észak (Sasfészek-tó) Páty",2023-10-28,"95 octane petrol"
"MOL",609,"Páty, 22-es km II. dél (Sasfészek-tó)",2023-10-28,"95 octane petrol"
"Other",585,"Maglód, Eszterházy János u. 1.",2023-10-28,"95 octane petrol"
"MOL",609,"Szentendre, Vasúti villasor 6.",2023-10-28,"95 octane petrol"
"MOL",609,"Pécel, Köztársaság tér  ",2023-10-28,"95 octane petrol"
"Orlen",605,"Pilisvörösvár, 10.sz.főút",2023-10-28,"95 octane petrol"
"MOL",609,"Dunakeszi, 2-es sz. főút 21. km",2023-10-28,"95 octane petrol"
"Shell",608.9,"Dunakeszi, 2/A főút Kelet",2023-10-28,"95 octane petrol"
"Shell",608.9,"Dunakeszi, 2/A főút Nyugat",2023-10-28,"95 octane petrol"
"Other",577,"Tököl, Ledina dűlő 4.",2023-10-28,"95 octane petrol"
"Oil",574,"Sóskút, Ipari Park",2023-10-28,"95 octane petrol"
"Oil",575,"Maglód, Liszt Ferenc utca 6/a",2023-10-28,"95 octane petrol"
"Orlen",658,"Gödöllő, M3-as Dél",2023-10-28,"95 octane petrol"
"Orlen",605,"Üllő, Pesti út (4.sz. főút)",2023-10-28,"95 octane petrol"
"Orlen",658,"Gödöllő, M3-as Észak",2023-10-28,"95 octane petrol"
"Avia",601.9,"Szentendre, Vasvári Pál u. 2794/16 hrsz.",2023-10-28,"95 octane petrol"
"OMV",609.9,"Alsónémedi, Alsónémedi 5. sz. főút",2023-10-28,"95 octane petrol"
"OMV",609.9,"Maglód, Jászberényi út",2023-10-28,"95 octane petrol"
"Other",598,"Göd, Nemeskéri - Kiss Miklós út 108",2023-10-28,"95 octane petrol"
"Other",605,"Göd, Nemeskéri út 49.",2023-10-28,"95 octane petrol"
"Oil",597.9,"Dunavarsány, Nagyvarsányi utca 155.",2023-10-28,"95 octane petrol"
"MOL",609,"Gödöllő, 3. sz. Főút Ipari Park, Pattantyús Ábrahám krt. 4.",2023-10-28,"95 octane petrol"
"Shell",608.9,"Százhalombatta, Damjanich u. 29.",2023-10-28,"95 octane petrol"
"MOL",609,"Százhalombatta, Bekötő út  ",2023-10-28,"95 octane petrol"
"MOL",609,"Piliscsaba, 10-es fő út 1602/13. hrsz. (24. km)",2023-10-28,"95 octane petrol"
"Other",0,"Százhalombatta, Ipari Park 6-os főút 067/4 hrsz. - adalékolt import üzemanyag értékesítés",2023-10-28,"95 octane petrol"
"Other",600.9,"Gödöllő, Repülőtéri u. 9.",2023-10-28,"95 octane petrol"
"MOL",609,"Gödöllő, Dózsa György út 61.",2023-10-28,"95 octane petrol"
"Other",594.9,"Üllő, K-Sped Krt. (Viktória Ipari Park)",2023-10-28,"95 octane petrol"
"MOL",608.9,"Etyek, Kossuth Lajos u. 72.",2023-10-28,"95 octane petrol"
"Shell",608.9,"Gödöllő, Dózsa Gy. út 108.",2023-10-28,"95 octane petrol"
"MOL",609,"Isaszeg, Rákóczi u. hrsz. 455",2023-10-28,"95 octane petrol"
"Other",0,"Ócsa, Üllői utca 41",2023-10-28,"95 octane petrol"
"Orlen",658,"Tárnok, M7 Autópálya 26 km DÉL",2023-10-28,"95 octane petrol"
"OMV",609.9,"Veresegyház, Fő u. 2/2.",2023-10-28,"95 octane petrol"
"Orlen",658,"Tárnok, M7 autópálya 26 km ÉSZAK",2023-10-28,"95 octane petrol"
"Oil",604,"Ócsa, Kiss János út 1.",2023-10-28,"95 octane petrol"
"MOL",609,"Gödöllő, Szabadság u.12.  ",2023-10-28,"95 octane petrol"
"MOL",609,"Veresegyház, Fő u.  ",2023-10-28,"95 octane petrol"
"Other",588,"Herceghalom, Jókai Mór u 2/A",2023-10-28,"95 octane petrol"
"MOL",609,"Százhalombatta, DUFI Olajmunkás út 2.",2023-10-28,"95 octane petrol"
"OMV",609.9,"Üllő, Pesti út 1.",2023-10-28,"95 octane petrol"
"Orlen",645,"Zsámbék, M1 autópálya (Észak)",2023-10-28,"95 octane petrol"
"Orlen",645,"Zsámbék, M1 autópálya (Dél)",2023-10-28,"95 octane petrol"
"MOL",609,"Leányfalu, Móricz Zsigmond út 165.",2023-10-28,"95 octane petrol"
"MOL",609,"Gyömrő, Mendei út  ",2023-10-28,"95 octane petrol"
"OMV",609.9,"Zsámbék, Herceghalmi út",2023-10-28,"95 octane petrol"
"MOL",659,"Ercsi, M6 I. (kimenő) (M6 külterület 30 km szelvény)",2023-10-28,"95 octane petrol"
"MOL",659,"Ercsi, M6 II. (bejövő) (M6 külterület 30 km szelvény)",2023-10-28,"95 octane petrol"
"Oil",592,"Erdőkertes, Fő út 234.",2023-10-28,"95 octane petrol"
"Avia",580,"Martonvásár, Bajcsy Zs. U. 31.",2023-10-28,"95 octane petrol"
"Other",575.9,"Martonvásár, Budai út 32.",2023-10-28,"95 octane petrol"
"OMV",651.9,"Inárcs, M5 autópálya 82. kmsz. bal",2023-10-28,"95 octane petrol"
"OMV",651.9,"Inárcs, M5 autópálya 82. kmsz jobb",2023-10-28,"95 octane petrol"
"Shell",608.9,"Monor, Vasadi u. 1.",2023-10-28,"95 octane petrol"
"OMV",609.9,"Vác, Gödöllői út 1.",2023-10-28,"95 octane petrol"
"OMV",651.9,"Vál, M7, Kajászó (Váli Észak)",2023-10-28,"95 octane petrol"
"OMV",651.9,"Vál, M7, Kajászó (Váli Dél)",2023-10-28,"95 octane petrol"
"MOL",609,"Kiskunlacháza, Hadház u. 2.  ",2023-10-28,"95 octane petrol"
"MOL",0,"Inárcs, Széchenyi utca 14.",2023-10-28,"95 octane petrol"
"MOL",609,"Vác, Diadal tér",2023-10-28,"95 octane petrol"
"MOL",609,"Bicske, Botond tér  ",2023-10-28,"95 octane petrol"
"Oil",0,"Monor, Gép utca 1. ",2023-10-28,"95 octane petrol"
"Avia",651.9,"Iklad, Alsómajor 057/59 hrsz.",2023-10-28,"95 octane petrol"
"Other",597.9,"Bag, M3 autópálya 39. km lehajtó (Ipari Park) 2191",2023-10-28,"95 octane petrol"
"MOL",609,"Vác, Balassagyarmati út 1.",2023-10-28,"95 octane petrol"
"Other",592,"Aszód, Pesti út 25.",2023-10-28,"95 octane petrol"
"OMV",609.9,"Bag, Dózsa György út 2.",2023-10-28,"95 octane petrol"
"Shell",608.9,"Sülysáp, Pesti út 56.",2023-10-28,"95 octane petrol"
"MOL",609,"Aszód, Pesti út 3.  ",2023-10-28,"95 octane petrol"
"MOL",609,"Visegrád, 11.sz.fkl. út",2023-10-28,"95 octane petrol"
"Other",0,"Csolnok, Külterület hrsz. 0182/3.",2023-10-28,"95 octane petrol"
"MOL",609,"Monor, 4.sz. fkl. út (Katalin Csárda)  ",2023-10-28,"95 octane petrol"
"OMV",609.9,"Dorog, Bécsi út -Csolnoki út sarok hrsz.0279/8",2023-10-28,"95 octane petrol"
"MOL",609,"Nagymaros, Váci út 119.",2023-10-28,"95 octane petrol"
"MOL",609,"Ráckeve, Kossuth L. u.  ",2023-10-28,"95 octane petrol"
"Other",599,"Felcsút, Fő út 220.",2023-10-28,"95 octane petrol"
"Avia",610,"Aszód, Falujárók útja 44.",2023-10-28,"95 octane petrol"
"MOL",609,"Dabas, 50.sz.fkl. út  ",2023-10-28,"95 octane petrol"
"Other",603,"Penc, Rákóczi u. 0255/38 hrsz.",2023-10-28,"95 octane petrol"
"MOL",609,"Dorog, Bécsi út",2023-10-28,"95 octane petrol"
"Avia",604,"Kápolnásnyék, 7. sz. főút 43. km",2023-10-28,"95 octane petrol"
"Other",617,"Hévízgyörk, Ady Endre út 71. ELADÓ!",2023-10-28,"95 octane petrol"
"MOL",609,"Kartal, Rákóczi út 1.",2023-10-28,"95 octane petrol"
"OMV",609.9,"Esztergom, Kertváros, Dobogókői út - Kesztölci út sarok",2023-10-28,"95 octane petrol"
"Other",608.9,"Újhartyán, Dragon Benz töltőállomás",2023-10-28,"95 octane petrol"
"OMV",609.9,"Óbarok, M 1 43. km jobb",2023-10-28,"95 octane petrol"
"Other",604,"Szob, Dózsa György út. hrsz. 179/15",2023-10-28,"95 octane petrol"
"OMV",609.9,"Óbarok, M 1 43. km bal",2023-10-28,"95 octane petrol"
"Other",606,"Iváncsa, Hunyadi utca 782/1. ",2023-10-28,"95 octane petrol"
"Shell",608.9,"Esztergom, Mátyás Király út 37.",2023-10-28,"95 octane petrol"
"MOL",609,"Berettyóújfalu, 42-47 főút kereszteződés Honvéd u. 2.",2023-10-28,"95 octane petrol"
"MOL",659,"Velence, M7. autópálya I.  észak",2023-10-28,"95 octane petrol"
"MOL",609,"Adony, 6.sz. fkl. út  ",2023-10-28,"95 octane petrol"
"MOL",659,"Velence, M7. autópálya II.  dél",2023-10-28,"95 octane petrol"
"MOL",609,"Esztergom, Visegrádi út",2023-10-28,"95 octane petrol"
"Other",590,"Hernád, Köztársaság út 45/D OUT BENZINKÚT BT",2023-10-28,"95 octane petrol"
"Other",639,"Lovasberény, Vörösmarty u. 12. ",2023-10-28,"95 octane petrol"
"Other",602.9,"Tarján, Kossuth tér",2023-10-28,"95 octane petrol"
"OMV",604.9,"Dömsöd, Tassi út 16.",2023-10-28,"95 octane petrol"
"MOL",659,"Hatvan, M3 I. - Kerekharaszti pihenő - észak",2023-10-28,"95 octane petrol"
"MOL",659,"Hatvan, M3 II. - Kerekharaszti pihenő - észak",2023-10-28,"95 octane petrol"
"Avia",606.9,"Tápióbicske, Új út 1. ",2023-10-28,"95 octane petrol"
"Other",0,"Albertirsa, Béke u. 43.",2023-10-28,"95 octane petrol"
"MOL",609,"Gárdony, Szabadság u.  9",2023-10-28,"95 octane petrol"
"MOL",609,"Galgaguta, Kossuth u. 27.  ",2023-10-28,"95 octane petrol"
"OMV",0,"Albertirsa, 4. sz főút 51-52. km",2023-10-28,"95 octane petrol"
"MOL",609,"Hatvan, Rákóczi út 101",2023-10-28,"95 octane petrol"
"OMV",639,"Csákvár, Széchenyi u. 82",2023-10-28,"95 octane petrol"
"Other",584,"Tolmács, Hrsz: 0133/22 a 2-es számú főút Tolmácsi Leágazás",2023-10-28,"95 octane petrol"
"OMV",609.9,"Rétság, Pusztaszántói út 1.",2023-10-28,"95 octane petrol"
"Other",596,"Pátka, Külterület 0190/101 (GP benzinkút)",2023-10-28,"95 octane petrol"
"Shell",608.9,"Hatvan, Bibó István u. 1.",2023-10-28,"95 octane petrol"
"Shell",608.9,"Hatvan, Radnóti tér 20.",2023-10-28,"95 octane petrol"
"Shell",608.9,"Tatabánya, 1. főút 53. km",2023-10-28,"95 octane petrol"
"MOL",609,"Rétság, 2.sz. fkl. út  ",2023-10-28,"95 octane petrol"
"Orlen",605,"Nyergesújfalu, Bécsi út 2",2023-10-28,"95 octane petrol"
"MOL",609,"Nagykáta, Ady Endre u.  ",2023-10-28,"95 octane petrol"
"Avia",641.9,"Jászfényszaru, Külterület 05/150 hrsz.",2023-10-28,"95 octane petrol"
"OMV",609.9,"Tatabánya, Ságvári út - Károlyi Mihály u. 2.",2023-10-28,"95 octane petrol"
"MOL",609,"Hatvan, Elkerülő út",2023-10-28,"95 octane petrol"
"MOL",609,"Palotás, Szabadság út",2023-10-28,"95 octane petrol"
"MOL",609,"Kunszentmiklós, Szabadság u. 30.  ",2023-10-28,"95 octane petrol"
"MOL",609,"Lőrinci, 21.sz. fkl. út  ",2023-10-28,"95 octane petrol"
"Shell",608.9,"Tatabánya, Köztársaság út 1",2023-10-28,"95 octane petrol"
"Other",0,"Szabadegyháza, Külterület",2023-10-28,"95 octane petrol"
"MOL",609,"Hatvan, Csányi út (Sport u. 1.)",2023-10-28,"95 octane petrol"
"Oil",597,"Táborfalva, Kecskeméti út 4/A",2023-10-28,"95 octane petrol"
"Other",598,"Tatabánya, Erdész út hrsz. 8826/1",2023-10-28,"95 octane petrol"
"MOL",609,"Tatabánya, Kossuth Lajos u.  ",2023-10-28,"95 octane petrol"
"Orlen",605,"Tatabánya, Győri út 11006 hrsz",2023-10-28,"95 octane petrol"
"MOL",609,"Tatabánya, Győri út  ",2023-10-28,"95 octane petrol"
"MOL",609,"Vértesszőlős, Határ u. 1-3.",2023-10-28,"95 octane petrol"
"Other",601.9,"Vértesszőlős, külterület 094/2 hrsz",2023-10-28,"95 octane petrol"
"Orlen",605,"Pusztamonostor, 32-es Főút",2023-10-28,"95 octane petrol"
"Other",0,"Tatabánya, Bakony utca 10.",2023-10-28,"95 octane petrol"
"Other",0,"Seregélyes, Dinnyési út 29.",2023-10-28,"95 octane petrol"
"MOL",609,"Dunaújváros, 6.sz.fkl.út   67 km",2023-10-28,"95 octane petrol"
"Oil",0,"Szalkszentmárton, Külterület hrsz. 06/8.",2023-10-28,"95 octane petrol"
"Avia",613,"Környe, Somlói út 1. 0633/21. hrsz.",2023-10-28,"95 octane petrol"
"OMV",609.9,"Székesfehérvár, Budai út 169.",2023-10-28,"95 octane petrol"
"OMV",609.9,"Székesfehérvár, Donáth út",2023-10-28,"95 octane petrol"
"Shell",0,"Székesfehérvár, Székesfehérvár dél M7",2023-10-28,"95 octane petrol"
"Shell",608.9,"Oroszlány, Környei u. 3-5.",2023-10-28,"95 octane petrol"
"Other",596,"Székesfehérvár, Seregélyesi út 118.",2023-10-28,"95 octane petrol"
"Shell",0,"Székesfehérvár, Székesfehérvár észak M7",2023-10-28,"95 octane petrol"
"OMV",609.9,"Tata, 1. sz. autóút 0419/8",2023-10-28,"95 octane petrol"
"MOL",609,"Oroszlány, Rákóczi Ferenc út 94/a",2023-10-28,"95 octane petrol"
"Shell",639.9,"Tata, Remeteségpuszta dél M1",2023-10-28,"95 octane petrol"
"Shell",639.9,"Tata, Remeteségpuszta észak M1",2023-10-28,"95 octane petrol"
"MOL",609,"Tata, Vértesszőlősi út (bal oldal)  ",2023-10-28,"95 octane petrol"
"MOL",609,"Székesfehérvár, Seregélyesi út 113.",2023-10-28,"95 octane petrol"
"OMV",609.9,"Székesfehérvár, Kadocsa út 86.",2023-10-28,"95 octane petrol"
"Orlen",605,"Oroszlány, Rákóczi Ferenc út 1/b",2023-10-28,"95 octane petrol"
"MOL",609,"Székesfehérvár, Seregélyesi út  66.",2023-10-28,"95 octane petrol"
"Other",594.9,"Székesfehérvár, Mártírok útja 13.",2023-10-28,"95 octane petrol"
"Oil",0,"Dunaújváros, Aranyvölgyi út 6. TESCO parkoló",2023-10-28,"95 octane petrol"
"Shell",608.9,"Székesfehérvár, Aszalvölgyi út 1.",2023-10-28,"95 octane petrol"
"MOL",609,"Székesfehérvár, Szent Flórián krt. 5.",2023-10-28,"95 octane petrol"
"Shell",608.9,"Dunaújváros, Arany János u. 1.",2023-10-28,"95 octane petrol"
"MOL",567,"Tata, Faller Jenő út 3. MOL Partner",2023-10-28,"95 octane petrol"
"Oil",592,"Székesfehérvár, Zámolyi út hrsz. 02022/6",2023-10-28,"95 octane petrol"
"OMV",609.9,"Dunaújváros, Aranyvölgyi út - Magyar u.",2023-10-28,"95 octane petrol"
"Other",572,"Tata, Agostyáni út 78. Volán kút",2023-10-28,"95 octane petrol"
"Other",572,"Tata, Agostyáni út 78. (Zöld Út Kft.)",2023-10-28,"95 octane petrol"
"Shell",608.9,"Székesfehérvár, Olaj u. 1.",2023-10-28,"95 octane petrol"
"OMV",609.9,"Székesfehérvár, Lövölde út (Budai út 39.)",2023-10-28,"95 octane petrol"
"Shell",639.9,"Tata, Ring u. 1. (M1 autópálya lehajtó)",2023-10-28,"95 octane petrol"
"OMV",651.9,"Dunaújváros, Dunaújváros - kelet, M6 autópálya 70 kmsz jobb",2023-10-28,"95 octane petrol"
"OMV",651.9,"Dunaújváros, Dunaújváros - nyugat, M6 autópálya 70+100 km.sz. bal",2023-10-28,"95 octane petrol"
"OMV",609.9,"Dunaújváros, Dózsa György út",2023-10-28,"95 octane petrol"
"Shell",608.9,"Tata, Május 1. út",2023-10-28,"95 octane petrol"
"OMV",609.9,"Székesfehérvár, Balatoni út 6111 hrsz",2023-10-28,"95 octane petrol"
"Shell",608.9,"Székesfehérvár, Palotai út",2023-10-28,"95 octane petrol"
"Other",598,"Tata, Takács utca 1. ",2023-10-28,"95 octane petrol"
"MOL",609,"Székesfehérvár, Sárkeresztúri út 8.  ",2023-10-28,"95 octane petrol"
"MOL",609,"Sárkeresztes, 0133. (81-es főút)",2023-10-28,"95 octane petrol"
"MOL",609,"Jászberény, Nagykátai út",2023-10-28,"95 octane petrol"
"Other",585,"Székesfehérvár, Holland fasor 2.",2023-10-28,"95 octane petrol"
"MOL",609,"Lajosmizse, 50.sz.út jobb oldal  ",2023-10-28,"95 octane petrol"
"MOL",659,"Cegléd, M4 Dél I.",2023-10-28,"95 octane petrol"
"Avia",639,"Jászberény, Nagykátai út 3.",2023-10-28,"95 octane petrol"
"Avia",582,"Lajosmizse, Gyártelep 2.",2023-10-28,"95 octane petrol"
"Shell",639.9,"Lajosmizse, M5, Lajosmizse kelet",2023-10-28,"95 octane petrol"
"MOL",659,"Cegléd, M4 II Észak",2023-10-28,"95 octane petrol"
"Shell",639.9,"Lajosmizse, M5, Lajosmizse nyugat",2023-10-28,"95 octane petrol"
"Other",641,"Csemő, 0208/17/A (Benzinkút) hrsz.",2023-10-28,"95 octane petrol"
"MOL",609,"Székesfehérvár, Balatoni út",2023-10-28,"95 octane petrol"
"Other",0,"Dunaújváros, Papírgyári út 49.",2023-10-28,"95 octane petrol"
"MOL",609,"Cegléd, Pesti út 87.",2023-10-28,"95 octane petrol"
"Avia",584,"Iszkaszentgyörgy, 801-es út mellett",2023-10-28,"95 octane petrol"
"MOL",609,"Jászberény, Szolnoki u.",2023-10-28,"95 octane petrol"
"Other",582.9,"Cegléd, Malomtó szél 30.",2023-10-28,"95 octane petrol"
"Shell",608.9,"Cegléd, Malomtószél u. 13-23.",2023-10-28,"95 octane petrol"
"Shell",608.9,"Jászberény, Szt. István krt.",2023-10-28,"95 octane petrol"
"Mobil Petrol",582.9,"Lajosmizse, Dózsa György u. 255",2023-10-28,"95 octane petrol"
"OMV",618.9,"Cegléd, Jászberényi u. 0825/30",2023-10-28,"95 octane petrol"
"Other",582,"Kisapostag, 6-os főút 76 km",2023-10-28,"95 octane petrol"
"Other",592.9,"Dunavecse, Fő út 120. 510 számú fő út",2023-10-28,"95 octane petrol"
"Avia",0,"Szabadbattyán, 09/5 hrsz.",2023-10-28,"95 octane petrol"
"MOL",609,"Cegléd, Nagykőrösi út  441. sz. fkl. Út",2023-10-28,"95 octane petrol"
"Other",581,"Kocs, Kis út 6. ",2023-10-28,"95 octane petrol"
"OMV",602.9,"Nagyréde, Hrsz.: 0237/3",2023-10-28,"95 octane petrol"
"Other",0,"Balassagyarmat, Szügyi út 63.",2023-10-28,"95 octane petrol"
"Other",0,"Atkár, Fő u. 89.",2023-10-28,"95 octane petrol"
"MOL",609,"Balassagyarmat, Kővári út  ",2023-10-28,"95 octane petrol"
"MOL",609,"Mór, Nemes u. 24.",2023-10-28,"95 octane petrol"
"MOL",609,"Mór, Nemes utca (81-es út)  ",2023-10-28,"95 octane petrol"
"MOL",609,"Pásztó, Fő út  ",2023-10-28,"95 octane petrol"
"OMV",608.9,"Balassagyarmat, Rákóczi fejedelem út 129.",2023-10-28,"95 octane petrol"
"MOL",616,"Jászárokszállás, Jászberényi út 3.",2023-10-28,"95 octane petrol"
"Other",582,"Kerekegyháza, Szabadság u. 23.",2023-10-28,"95 octane petrol"
"MOL",609,"Szabadszállás, Petőfi Sándor út 19.  ",2023-10-28,"95 octane petrol"
"MOL",609,"Jászjákóhalma, Fő út 130/b (31. sz. főút)",2023-10-28,"95 octane petrol"
"Other",0,"Kerekegyháza, Falu dülő 2.",2023-10-28,"95 octane petrol"
"Other",589,"Soponya, Petőfi Sándor utca 24.",2023-10-28,"95 octane petrol"
"Other",592.9,"Gyöngyös, Budapesti út 3. számú főút",2023-10-28,"95 octane petrol"
"Shell",608.9,"Gyöngyös, Pesti út 74",2023-10-28,"95 octane petrol"
"Oil",581,"Almásfüzitő, 020/16. hrsz.",2023-10-28,"95 octane petrol"
"Shell",608.9,"Gyöngyös, Vásár u. 2.",2023-10-28,"95 octane petrol"
"MOL",609,"Gyöngyös, Pesti út 67.",2023-10-28,"95 octane petrol"
"Orlen",605,"Gyöngyös, 3 sz.fõút",2023-10-28,"95 octane petrol"
"MOL",609,"Gyöngyös, Alkotmány út 19.",2023-10-28,"95 octane petrol"
"OMV",609.9,"Nagykőrös, Ceglédi út 256.",2023-10-28,"95 octane petrol"
"Oil",637,"Gyöngyös, Karácsondi út 9.",2023-10-28,"95 octane petrol"
"Avia",600,"Gyöngyös, Szurdokpart utca 78.",2023-10-28,"95 octane petrol"
"MOL",609,"Fűlöpszállás, Külterület  52. számú főút Kurjantópuszta",2023-10-28,"95 octane petrol"
"Other",0,"Szécsény, Varsányi u. 4.",2023-10-28,"95 octane petrol"
"Orlen",605,"Fűlöpszállás, Hármaspuszta 9.",2023-10-28,"95 octane petrol"
"Orlen",605,"Dunaföldvár, 6-os út 84",2023-10-28,"95 octane petrol"
"Avia",0,"Polgárdi, hrsz. 05/9",2023-10-28,"95 octane petrol"
"OMV",609.9,"Sárbogárd, Ady Endre u. 3.",2023-10-28,"95 octane petrol"
"MOL",609,"Nagykőrös, Téglagyári u. 1/a",2023-10-28,"95 octane petrol"
"OMV",651.9,"Karácsond, M3, Karácsond Észak",2023-10-28,"95 octane petrol"
"OMV",651.9,"Karácsond, M3, Karácsond Dél",2023-10-28,"95 octane petrol"
"MOL",609,"Szécsény, Salgótarjáni út",2023-10-28,"95 octane petrol"
"MOL",609,"Solt, Vecsei u. 52.  ",2023-10-28,"95 octane petrol"
"MOL",609,"Komárom, Mártírok útja 82.",2023-10-28,"95 octane petrol"
"MOL",609,"Dunaföldvár, 6-os út  ",2023-10-28,"95 octane petrol"
"Shell",608.9,"Dunaföldvár, Előszállási út",2023-10-28,"95 octane petrol"
"Other",589,"Bakonycsernye, Rákóczi u. 90/a.",2023-10-28,"95 octane petrol"
"MOL",609,"Várpalota, 8.sz.fkl. út II. (bal) ",2023-10-28,"95 octane petrol"
"Mobil Petrol",582.9,"Dunaföldvár, Vak Bottyán tér 15.",2023-10-28,"95 octane petrol"
"Shell",608.9,"Várpalota, Fehérvári út 17.",2023-10-28,"95 octane petrol"
"Mobil Petrol",592.9,"Komárom, Igmándi út 13. sz. főút körforgalom ",2023-10-28,"95 octane petrol"
"Orlen",605,"Csém, 13-as főút",2023-10-28,"95 octane petrol"
"MOL",609,"Sárbogárd, Köztársaság út 147.  ",2023-10-28,"95 octane petrol"
"OMV",609.9,"Komárom, Igmándi út 49.",2023-10-28,"95 octane petrol"
"MOL",609,"Abony, Radák u.  ",2023-10-28,"95 octane petrol"
"Oil",598,"Nagyigmánd, József A. u. 965/12 hrsz.",2023-10-28,"95 octane petrol"
"MOL",609,"Kecskemét, Budai u.  ",2023-10-28,"95 octane petrol"
"MOL",609,"Várpalota, Veszprémi út 160. 8-as főút",2023-10-28,"95 octane petrol"
"OMV",609.9,"Kisbér, 81. sz. főút",2023-10-28,"95 octane petrol"
"OMV",609.9,"Kecskemét, Budai út",2023-10-28,"95 octane petrol"
"OMV",603,"Dunaföldvár, Paksi út 125/a.",2023-10-28,"95 octane petrol"
"Other",604,"Abony, Kécskei út 2/A",2023-10-28,"95 octane petrol"
"Avia",583,"Jászalsószentgyörgy, Béke út 1/C",2023-10-28,"95 octane petrol"
"Shell",608.9,"Kecskemét, Talfája 1.",2023-10-28,"95 octane petrol"
"Other",638,"Kecskemét, Felsőcsalános u. 54.",2023-10-28,"95 octane petrol"
"Shell",608.9,"Kecskemét, Bethlen krt.57-61.",2023-10-28,"95 octane petrol"
"Orlen",605,"Bátonyterenye, Ózdi út 36/a",2023-10-28,"95 octane petrol"
"Other",602,"Kecskemét, Széchenyi körút 51.",2023-10-28,"95 octane petrol"
"OMV",609.9,"Kecskemét, Dunaföldvári út 4.",2023-10-28,"95 octane petrol"
"Other",585,"Kecskemét, Dunaföldvári út 2.",2023-10-28,"95 octane petrol"
"MOL",609,"Kecskemét, Izsáki út 67.",2023-10-28,"95 octane petrol"
"Other",609,"Kecskemét, Széchenyi krt.1.",2023-10-28,"95 octane petrol"
"MOL",609,"Kecskemét, Izsáki út 12/a",2023-10-28,"95 octane petrol"
"Shell",608.9,"Kecskemét, Izsáki út 4",2023-10-28,"95 octane petrol"
"MOL",609,"Kecskemét, Katona József tér  ",2023-10-28,"95 octane petrol"
"MOL",609,"Várpalota, 8.sz.fkl. út I. (jobb)  ",2023-10-28,"95 octane petrol"
"MOL",659,"Fűle, M7 Autópálya 83 km (Észak)(Lepsény)",2023-10-28,"95 octane petrol"
"MOL",659,"Fűle, M7 Autópálya 83 km (Dél) (Lepsény) II",2023-10-28,"95 octane petrol"
"MOL",609,"Kecskemét, Békéscsabai út  ",2023-10-28,"95 octane petrol"
"Orlen",605,"Kecskemét, 44-es főút Kurucz tér",2023-10-28,"95 octane petrol"
"MOL",609,"Bátonyterenye, 21.sz. fkl. út",2023-10-28,"95 octane petrol"
"Other",597.9,"Ászár, Győri út 42.sz.",2023-10-28,"95 octane petrol"
"Orlen",605,"Kecskemét, 12950/76 hrsz Szolnoki út",2023-10-28,"95 octane petrol"
"Avia",588,"Ács, Fő út 2.",2023-10-28,"95 octane petrol"
"Orlen",605,"Jászapáti, 31-es Főút 99 km. 0280/6hrsz",2023-10-28,"95 octane petrol"
"Mobil Petrol",597.9,"Kecskemét, Hrsz 0674/200 Repülős csomópont",2023-10-28,"95 octane petrol"
"Shell",608.9,"Kecskemét, Kiskunfélegyházi út",2023-10-28,"95 octane petrol"
"MOL",609,"Kecskemét, Kiskunfélegyházi út (Szegedi út)",2023-10-28,"95 octane petrol"
"Orlen",605,"Kecskemét, 44-es Főút 8241/9 hrsz.",2023-10-28,"95 octane petrol"
"MOL",609,"Salgótarján, Budapesti u. 21. sz. fkl. Út 57 km",2023-10-28,"95 octane petrol"
"MOL",659,"Kecskemét, M5 autópálya jobb",2023-10-28,"95 octane petrol"
"MOL",659,"Kecskemét, M5 autópálya  bal",2023-10-28,"95 octane petrol"
"Orlen",605,"Salgótarján, Budapesti út 34.",2023-10-28,"95 octane petrol"
"Oil",599.9,"Berhida, 1784 hrsz",2023-10-28,"95 octane petrol"
"Other",578,"Bábolna, Rákóczi út, 107/1 hrsz.",2023-10-28,"95 octane petrol"
"Oil",583,"Bábolna, Ács út 2.",2023-10-28,"95 octane petrol"
"MOL",609,"Dég, 64.sz.fkl.út  ",2023-10-28,"95 octane petrol"
"OMV",651.9,"Bábolna, Bábolna - Concó pihenő észak, M1 autópálya 93. kmsz",2023-10-28,"95 octane petrol"
"OMV",651.9,"Bábolna, Bábolna - Concó pihenő dél, M1 autópálya 39. kmsz bal",2023-10-28,"95 octane petrol"
"MOL",609,"Kerékteleki, Külterület 81. számú főút",2023-10-28,"95 octane petrol"
"OMV",609.9,"Salgótarján, Rákóczi út 182.",2023-10-28,"95 octane petrol"
"MOL",609,"Balatonvilágos, Balatonakarattya 71.sz. föút  ",2023-10-28,"95 octane petrol"
"Orlen",605,"Balatonvilágos, 71 sz. főút",2023-10-28,"95 octane petrol"
"OMV",0,"Cece, Vasút u. 2.",2023-10-28,"95 octane petrol"
"MOL",609,"Salgótarján, Rákóczi út 77-89.",2023-10-28,"95 octane petrol"
"Other",597.9,"Balatonvilágos, hrsz 054/256.",2023-10-28,"95 octane petrol"
"Avia",0,"Enying, Dózsa Gy. Út 119.",2023-10-28,"95 octane petrol"
"Other",581,"Dudar, Vasútállomás u. 7. ",2023-10-28,"95 octane petrol"
"Shell",608.9,"Salgótarján, Fürdő út 1",2023-10-28,"95 octane petrol"
"Other",580,"Szolnok, Nagysándor József út 24. ",2023-10-28,"95 octane petrol"
"MOL",650,"Akasztó, Fő u. 1.",2023-10-28,"95 octane petrol"
"MOL",609,"Szolnok, Abonyi út",2023-10-28,"95 octane petrol"
"MOL",609,"Hajmáskér, 8-as főút 40. km",2023-10-28,"95 octane petrol"
"Other",587,"Dudar, Arany János utca 43. hrsz: 0133/7",2023-10-28,"95 octane petrol"
"MOL",609,"Parád, 24.sz. fkl. út",2023-10-28,"95 octane petrol"
"OMV",609.9,"Szolnok, Thököly út 91.",2023-10-28,"95 octane petrol"
"Other",0,"Karancslapujtő, Honvéd u. 2/a",2023-10-28,"95 octane petrol"
"Shell",608.9,"Szolnok, Téglagyári út 30.",2023-10-28,"95 octane petrol"
"MOL",609,"Heves, Csáti út  ",2023-10-28,"95 octane petrol"
"MOL",609,"Jakabszállás, II. kerület 19.  ",2023-10-28,"95 octane petrol"
"MOL",650,"Akasztó, Fő u. 189. 53-as út mellett",2023-10-28,"95 octane petrol"
"OMV",609.9,"Szolnok, Thököly u. (Dráva u. 42.)",2023-10-28,"95 octane petrol"
"MOL",609,"Simontornya, Belterület 1326/3 hrsz",2023-10-28,"95 octane petrol"
"Shell",608.9,"Szolnok, Hunyadi út 2-4.",2023-10-28,"95 octane petrol"
"Shell",608.9,"Szolnok, Tószegi út 5/a.",2023-10-28,"95 octane petrol"
"MOL",609,"Szolnok, Tószegi út 18/A",2023-10-28,"95 octane petrol"
"MOL",609,"Szolnok, Pozsonyi út 80.",2023-10-28,"95 octane petrol"
"MOL",609,"Szolnok, Gábor Áron tér",2023-10-28,"95 octane petrol"
"OMV",0,"Balatonfűzfő, Árpád utca 1.",2023-10-28,"95 octane petrol"
"Other",585,"Szolnok, Felső Szandai rét 1.",2023-10-28,"95 octane petrol"
"Other",603.9,"Paks,  Dunakömlőd - Szabadság u. 14. 8229/2 hrsz.",2023-10-28,"95 octane petrol"
"Mobil Petrol",597.9,"Tószeg, Várkonyi u. 1.",2023-10-28,"95 octane petrol"
"Other",587.9,"Szolnok, Tulipán út 1.",2023-10-28,"95 octane petrol"
"MOL",609,"Kápolna, 3.sz. fkl. út",2023-10-28,"95 octane petrol"
"Other",601,"Kál, Kápolnai út 12.",2023-10-28,"95 octane petrol"
"Other",634,"Heves, Egri út 038/5 hrsz.",2023-10-28,"95 octane petrol"
"Oil",607,"Zirc, Állomás utca 5.",2023-10-28,"95 octane petrol"
"MOL",609,"Zirc, Kossuth Lajos út  ",2023-10-28,"95 octane petrol"
"MOL",609,"Balatonalmádi, Fűzfői út 5. (71-es út)  ",2023-10-28,"95 octane petrol"
"Other",599,"Szolnok, Simon Ferenc utca 46.",2023-10-28,"95 octane petrol"
"MOL",609,"Szolnok, Elkerülő út",2023-10-28,"95 octane petrol"
"Other",656.9,"Paks, M6 ap. 107 km JOBB OLDAL",2023-10-28,"95 octane petrol"
"Shell",608.9,"Szajol, 4.sz. főút 103 km",2023-10-28,"95 octane petrol"
"Other",656.9,"Paks, M6 ap. 107 km BAL OLDAL",2023-10-28,"95 octane petrol"
"Other",0,"Balatonalmádi, József Attila u. 18. 71-es sz. főút",2023-10-28,"95 octane petrol"
"Shell",608.9,"Veszprém, Külső-Kádártai út 3.",2023-10-28,"95 octane petrol"
"OMV",609.9,"Veszprém, Külső-Kádártai u. 2.",2023-10-28,"95 octane petrol"
"OMV",609.9,"Kiskőrös, Dózsa György út 47.",2023-10-28,"95 octane petrol"
"OMV",609.9,"Veszprém, Aradi vértanúk útja",2023-10-28,"95 octane petrol"
"Other",591,"Kiskőrös, Dózsa György út 92.",2023-10-28,"95 octane petrol"
"MOL",609,"Veszprém, Budapesti u. 91.",2023-10-28,"95 octane petrol"
"Orlen",605,"Pér, Fehérvári út 086/14 hrsz",2023-10-28,"95 octane petrol"
"MOL",609,"Veszprém, Budapesti u.  70.",2023-10-28,"95 octane petrol"
"MOL",609,"Pétervására, Orgona út 6.",2023-10-28,"95 octane petrol"
"MOL",659,"Siófok, M7 autópálya 94. km (ÉSZAK) Sóstói pihenő I.",2023-10-28,"95 octane petrol"
"MOL",659,"Kál, Rekettyés pihenő M3 II. dél ",2023-10-28,"95 octane petrol"
"MOL",659,"Siófok, M7 autópálya 94. km (DÉL) Sóstói pihenő II.",2023-10-28,"95 octane petrol"
"MOL",659,"Kál, Rekettyés pihenő M3. I észak ",2023-10-28,"95 octane petrol"
"OMV",609.9,"Veszprém, Budapesti út 12.",2023-10-28,"95 octane petrol"
"MOL",609,"Siófok, Wesselényi u. 106.",2023-10-28,"95 octane petrol"
"OMV",609.9,"Paks, 6. sz. főút 110 km.",2023-10-28,"95 octane petrol"
"MOL",609,"Veszprém, Almádi u. 17/1",2023-10-28,"95 octane petrol"
"Shell",608.9,"Veszprém, Almádi u. 7/1.",2023-10-28,"95 octane petrol"
"Orlen",605,"Veszprém, Mártírok útja 15.",2023-10-28,"95 octane petrol"
"MOL",609,"Paks, 6.sz.fkl. út bal  ",2023-10-28,"95 octane petrol"
"MOL",609,"Tiszakécske, Szolnoki u.  ",2023-10-28,"95 octane petrol"
"MOL",609,"Kiskőrös, Petőfi S. u. 94.",2023-10-28,"95 octane petrol"
"Other",0,"Siófok, Bajcsy-Zsilinszky utca 214.",2023-10-28,"95 octane petrol"
"Other",592,"Veszprém, Pápai u. 30. ",2023-10-28,"95 octane petrol"
"Other",606,"Györköny, Fő u. 104.",2023-10-28,"95 octane petrol"
"MOL",606,"Nagydorog, Kossuth L. u. 122.",2023-10-28,"95 octane petrol"
"Other",590.9,"Siófok, Fő u. 234.",2023-10-28,"95 octane petrol"
"MOL",609,"Veszprém, Pápai út 42.",2023-10-28,"95 octane petrol"
"Oil",605,"Kiskunfélegyháza, 5 számú főút 108 km",2023-10-28,"95 octane petrol"
"Other",0,"Siófok, Vak-Bottyán utca 34.",2023-10-28,"95 octane petrol"
"Shell",608.9,"Siófok, Vak Bottyán u. 27.",2023-10-28,"95 octane petrol"
"OMV",609.9,"Siófok, Vak Bottyán u. 1.",2023-10-28,"95 octane petrol"
"MOL",609,"Bócsa, III. körzet 1.",2023-10-28,"95 octane petrol"
"Other",606,"Nagydorog, Kajdacsi u. 21/a",2023-10-28,"95 octane petrol"
"MOL",609,"Pincehely, Kossuth u.4.  ",2023-10-28,"95 octane petrol"
"MOL",609,"Ságvár, 65-ös főút",2023-10-28,"95 octane petrol"
"Other",0,"Ságvár, Fő utca 2.",2023-10-28,"95 octane petrol"
"Other",0,"Szakmár, Bajcsy-Zsilinszky u. 51.",2023-10-28,"95 octane petrol"
"Other",589.9,"Soltvadkert, Kossuth utca 83/1",2023-10-28,"95 octane petrol"
"Other",594,"Kiskunfélegyháza, Izsáki út 22.",2023-10-28,"95 octane petrol"
"Oil",594,"Fűzesabony, 33. főút 0197/6 hrsz",2023-10-28,"95 octane petrol"
"Shell",608.9,"Törökszentmiklós, Kossuth Lajos u. 137.",2023-10-28,"95 octane petrol"
"Other",0,"Besenyőtelek, HRSZ. 0297.",2023-10-28,"95 octane petrol"
"Orlen",605,"Siófok, Töreki út 1.",2023-10-28,"95 octane petrol"
"MOL",609,"Kiskunfélegyháza, Csongrádi út 18/A",2023-10-28,"95 octane petrol"
"Mobil Petrol",597.9,"Nyúl, Kossuth Lajos út (82. sz. főút)",2023-10-28,"95 octane petrol"
"Shell",608.9,"Kiskunfélegyháza, Szegedi út",2023-10-28,"95 octane petrol"
"Other",596,"Füzesabony, Arany János út ",2023-10-28,"95 octane petrol"
"MOL",609,"Fűzesabony, Maklári út",2023-10-28,"95 octane petrol"
"Orlen",605,"Soltvadkert, Halasi út 1.",2023-10-28,"95 octane petrol"
"MOL",609,"Kalocsa, Negyvennyolcas út  52.",2023-10-28,"95 octane petrol"
"MOL",609,"Martfű, Földvári út 4.",2023-10-28,"95 octane petrol"
"Shell",608.9,"Kiskunfélegyháza, IX. körzet 8/B.",2023-10-28,"95 octane petrol"
"OMV",611,"Kiskunfélegyháza, X. körzet, tanya 49",2023-10-28,"95 octane petrol"
"MOL",609,"Törökszentmiklós, Kossuth Lajos út 92-94.",2023-10-28,"95 octane petrol"
"Avia",605,"Győr, Fehérvári út 75.",2023-10-28,"95 octane petrol"
"Other",594.9,"Győr, Fehérvári út 99.",2023-10-28,"95 octane petrol"
"MOL",609,"Győr, Tatai út",2023-10-28,"95 octane petrol"
"Other",583,"Győr, Reptéri út 2.",2023-10-28,"95 octane petrol"
"Orlen",605,"Tiszaföldvár, Kunszentmártoni út 1.",2023-10-28,"95 octane petrol"
"MOL",659,"Győrújbarát, M1 Autópálya 119. km (Arrabóna)",2023-10-28,"95 octane petrol"
"MOL",609,"Eger, Mátyás király út",2023-10-28,"95 octane petrol"
"Shell",608.9,"Herend, 8. sz. Főút",2023-10-28,"95 octane petrol"
"OMV",609.9,"Eger, Mátyás király út 134.",2023-10-28,"95 octane petrol"
"OMV",609.9,"Győrújbarát, Győr",2023-10-28,"95 octane petrol"
"Shell",608.9,"Kalocsa, Bátyai út 8-10.",2023-10-28,"95 octane petrol"
"Other",586.9,"Kalocsa, Bátyai út 4. ",2023-10-28,"95 octane petrol"
"OMV",609.9,"Eger, Sas út - Mátyás király u. 2.",2023-10-28,"95 octane petrol"
"Other",590,"Győrújbarát, Széchenyi körút 701. hrsz.",2023-10-28,"95 octane petrol"
"Other",583.9,"Győr, Külső Veszprémi út 2.",2023-10-28,"95 octane petrol"
"Shell",608.9,"Balatonfüred, Széchenyi út 11.",2023-10-28,"95 octane petrol"
"MOL",609,"Eger, Kővágó tér",2023-10-28,"95 octane petrol"
"MOL",609,"Kecel, Császártöltési u. 50.  ",2023-10-28,"95 octane petrol"
"MOL",609,"Zamárdi, Endrédi út  ",2023-10-28,"95 octane petrol"
"Other",592.9,"Balatonfüred, Fürdő u. 20.",2023-10-28,"95 octane petrol"
"OMV",609.9,"Győr, Ipar út 99.",2023-10-28,"95 octane petrol"
"Oil",586,"Győr, Bán Aladár u. 3. - Adyváros",2023-10-28,"95 octane petrol"
"Oil",589,"Győr, Régi Veszprémi út 4.",2023-10-28,"95 octane petrol"
"Shell",608.9,"Eger, Rákóczi út 95.",2023-10-28,"95 octane petrol"
"Orlen",605,"Eger, Kistályai út 18.",2023-10-28,"95 octane petrol"
"MOL",609,"Balatonfüred, Széchenyi István út  ",2023-10-28,"95 octane petrol"
"OMV",609.9,"Kalocsa, Bátyai út 83.",2023-10-28,"95 octane petrol"
"MOL",609,"Eger, Rákóczi út",2023-10-28,"95 octane petrol"
"Other",585,"Balatonfüred, Bajcsy-Zsilinszky u. 53.",2023-10-28,"95 octane petrol"
"Shell",608.9,"Eger, TESCO Áruház Rákóczi út 100.",2023-10-28,"95 octane petrol"
"MOL",609,"Eger, Kistályai út 1./a",2023-10-28,"95 octane petrol"
"Shell",608.9,"Győr, Szigethy Attila út 111.",2023-10-28,"95 octane petrol"
"Other",0,"Balatonfüred, Lapostelki u 3.",2023-10-28,"95 octane petrol"
"MOL",609,"Győr, Szent Imre u. 55.",2023-10-28,"95 octane petrol"
"MOL",591.9,"Győr, Vasvári Pál u. 1.",2023-10-28,"95 octane petrol"
"Shell",608.9,"Győr, Tompa út 7.",2023-10-28,"95 octane petrol"
"MOL",609,"Győr, Budai út (Mártírok u.)  ",2023-10-28,"95 octane petrol"
"MOL",609,"Győr, Nagy Imre u.  85.",2023-10-28,"95 octane petrol"
"OMV",609.9,"Győr, Pápai út 771.",2023-10-28,"95 octane petrol"
"Other",588.9,"Győr, Szigethy A-Táncsics M u. sarok",2023-10-28,"95 octane petrol"
"Other",600,"Eger, Tárkányi út",2023-10-28,"95 octane petrol"
"Oil",586,"Győr, Vas Gereben utca 6. ",2023-10-28,"95 octane petrol"
"MOL",609,"Cserkeszőlő, Kecskeméti út",2023-10-28,"95 octane petrol"
"Other",655,"Iregszemcse, Rákóczi u. 111",2023-10-28,"95 octane petrol"
"Shell",608.9,"Győr, Királyszéki u. 33.",2023-10-28,"95 octane petrol"
"Shell",608.9,"Győr, Domb u. 2-4.",2023-10-28,"95 octane petrol"
"MOL",609,"Győr, Nagymegyeri út",2023-10-28,"95 octane petrol"
"OMV",609.9,"Győr, Szent István út",2023-10-28,"95 octane petrol"
"Other",583,"Győr, Győri út 2/A. Ménfőcsanak",2023-10-28,"95 octane petrol"
"MOL",609,"Tamási, Szabadság u. 90.  ",2023-10-28,"95 octane petrol"
"Other",597,"Gátér, Szabadság u. 21.",2023-10-28,"95 octane petrol"
"Other",588.9,"Győr, Csipkegyári utca 1",2023-10-28,"95 octane petrol"
"Other",591.9,"Győr, Farkas Mátyás utca 4.",2023-10-28,"95 octane petrol"
"Orlen",605,"Szántód, 7-es főút",2023-10-28,"95 octane petrol"
"Other",0,"Jászszentlászló, Félegyházi út 2.",2023-10-28,"95 octane petrol"
"Other",607.9,"Tamási, Belterület 2594 hrsz.",2023-10-28,"95 octane petrol"
"Other",607.9,"Gyönk, Külterület 07 hrsz.",2023-10-28,"95 octane petrol"
"Other",0,"Fadd, Arany János u. 068/11 hrsz. Jelenleg zárva!",2023-10-28,"95 octane petrol"
"Other",656.9,"Petőfiszállás, M5 ap. 122 km JOBB OLDAL",2023-10-28,"95 octane petrol"
"MOL",609,"Fegyvernek, 4.sz. fkl. út",2023-10-28,"95 octane petrol"
"Other",656.9,"Petőfiszállás, M5 ap. 122 km BAL OLDAL",2023-10-28,"95 octane petrol"
"Other",0,"Tab, Vasútállomás utca 1.",2023-10-28,"95 octane petrol"
"MOL",609,"Tab, Siófoki út  3.",2023-10-28,"95 octane petrol"
"Avia",592,"Győrzámoly, Külterület hrsz 061/1",2023-10-28,"95 octane petrol"
"Avia",0,"Tolna, Hrsz 077/4 6-os főút Fácánkerti leágazó",2023-10-28,"95 octane petrol"
"MOL",609,"Abda, Bécsi u. 1.",2023-10-28,"95 octane petrol"
"MOL",609,"Balatonföldvár, Szentgyörgyi út  ",2023-10-28,"95 octane petrol"
"Shell",608.9,"Mezőkövesd, Egri út 51.",2023-10-28,"95 octane petrol"
"Other",599.9,"Mezőkövesd, 3/1 hrsz. Egri út",2023-10-28,"95 octane petrol"
"Shell",608.9,"Ózd, Brassói út 3.",2023-10-28,"95 octane petrol"
"Other",607,"Tét, Debrecen u. 45",2023-10-28,"95 octane petrol"
"Oil",605,"Tét, Győri u 1845/5 hrsz.",2023-10-28,"95 octane petrol"
"MOL",609,"Nagyvázsony, Templom kert  ",2023-10-28,"95 octane petrol"
"OMV",608.9,"Csongrád, Fő utca 65.",2023-10-28,"95 octane petrol"
"MOL",609,"Kunszentmárton, Szentesi út",2023-10-28,"95 octane petrol"
"Orlen",605,"Mezőkövesd, Külterület 0269/4",2023-10-28,"95 octane petrol"
"MOL",609,"Kunhegyes, Kossuth Lajos u. 74-78.",2023-10-28,"95 octane petrol"
"Orlen",605,"Abda, Bécsi út 186.",2023-10-28,"95 octane petrol"
"Orlen",613,"Poroszló, 33-as Főút",2023-10-28,"95 octane petrol"
"Other",598,"Nagykónyi, Vásártér",2023-10-28,"95 octane petrol"
"MOL",609,"Csongrád, Szentesi út",2023-10-28,"95 octane petrol"
"MOL",609,"Mezőkövesd, Mátyás Király út 249.",2023-10-28,"95 octane petrol"
"Avia",573,"Öcsöd, Bem utca 1. ",2023-10-28,"95 octane petrol"
"MOL",609,"Szilvásvárad, Egri út 34.",2023-10-28,"95 octane petrol"
"MOL",609,"Tolna, Szedresi u.  ",2023-10-28,"95 octane petrol"
"MOL",659,"Szekszárd, M6 II. bal oldal",2023-10-28,"95 octane petrol"
"MOL",659,"Szekszárd, M6 I. jobb oldal",2023-10-28,"95 octane petrol"
"MOL",599.9,"Kiskunhalas, Vadkerti út 1037/4",2023-10-28,"95 octane petrol"
"Other",576.9,"Hajós, Kossuth u. 60.",2023-10-28,"95 octane petrol"
"MOL",609,"Hőgyész, Szérűskert sor",2023-10-28,"95 octane petrol"
"MOL",609,"Ózd, Vasvár út (25 -ös út)",2023-10-28,"95 octane petrol"
"Oil",0,"Pápa, Külső Veszprémi út 75.",2023-10-28,"95 octane petrol"
"Other",599.9,"Ózd, Malom út 1.",2023-10-28,"95 octane petrol"
"Mobil Petrol",576.9,"Kiskunmajsa, Béla Király utca 1.  ",2023-10-28,"95 octane petrol"
"Shell",608.9,"Kiskunhalas, Kárpát u. 9.",2023-10-28,"95 octane petrol"
"MOL",609,"Kiskunmajsa, Halasi u. 99.  ",2023-10-28,"95 octane petrol"
"MOL",609,"Ajka, Bakonygyepes, 8.sz. fkl. út  ",2023-10-28,"95 octane petrol"
"OMV",609.9,"Ózd, Brassói út 5. (8631/4 hrsz.)",2023-10-28,"95 octane petrol"
"MOL",609,"Tolna-Mözs, Béri Balogh Ádám u. 4.",2023-10-28,"95 octane petrol"
"MOL",609,"Kiskunhalas, Majsai út 18.  ",2023-10-28,"95 octane petrol"
"MOL",609,"Pápa, Csóka fogadó",2023-10-28,"95 octane petrol"
"Other",594,"Ajka, Hársfa u. 7. ",2023-10-28,"95 octane petrol"
"MOL",609,"Ajka, Fő út /Aranyvölgyi utca/  ",2023-10-28,"95 octane petrol"
"Shell",608.9,"Ózd, Vas köz 1-2.",2023-10-28,"95 octane petrol"
"Shell",608.9,"Ajka, Fő út 66.",2023-10-28,"95 octane petrol"
"MOL",609,"Kenderes, Petőfi út 73/A",2023-10-28,"95 octane petrol"
"Other",592.9,"Ajka, Fő út",2023-10-28,"95 octane petrol"
"OMV",609.9,"Ajka, Petőfi u.",2023-10-28,"95 octane petrol"
"MOL",609,"Pápa, Győri út  (külterület)",2023-10-28,"95 octane petrol"
"Other",585.9,"Kiskunhalas, Malom sor 4.",2023-10-28,"95 octane petrol"
"Other",629.1,"Dusnok, Bercsényi u. 50. (51. sz. főút)",2023-10-28,"95 octane petrol"
"Other",581,"Pápa, Celli u. 65.",2023-10-28,"95 octane petrol"
"Other",612,"Szentantalfa, Fő u. 96.",2023-10-28,"95 octane petrol"
"Shell",608.9,"Pápa, Celli út 92.",2023-10-28,"95 octane petrol"
"MOL",598,"Zomba, Külterület 03/2.",2023-10-28,"95 octane petrol"
"Orlen",605,"Enese, 85-ös főút 433/9 hrsz",2023-10-28,"95 octane petrol"
"Orlen",605,"Békésszentandrás, 44-es út 68. km.",2023-10-28,"95 octane petrol"
"MOL",609,"Tiszafűred, Ady Endre út",2023-10-28,"95 octane petrol"
"Oil",595.9,"Szentes, Alsórét 258.",2023-10-28,"95 octane petrol"
"MOL",609,"Szekszárd, Pásztor út 6.",2023-10-28,"95 octane petrol"
"Other",578,"Zsana, 0157/2 hrsz. 5408 számú út mellett",2023-10-28,"95 octane petrol"
"OMV",609.9,"Kocsola, 61. sz. főút és Dombóvári u. kereszteződés",2023-10-28,"95 octane petrol"
"Shell",608.9,"Tiszafüred, Húszöles út 132.",2023-10-28,"95 octane petrol"
"Other",599.9,"Mezőkeresztes, Külterület 0259/2 hrsz.",2023-10-28,"95 octane petrol"
"Shell",608.9,"Szekszárd, Palánki u. 2.",2023-10-28,"95 octane petrol"
"Oil",594,"Tiszafüred, Igari út 0424/11 hrsz",2023-10-28,"95 octane petrol"
"MOL",609,"Mezőtúr, Balassi Bálint u.",2023-10-28,"95 octane petrol"
"MOL",609,"Kisújszállás, Deák Ferenc u. 133.",2023-10-28,"95 octane petrol"
"MOL",659,"Balatonlelle, M7 I. (kimenő)",2023-10-28,"95 octane petrol"
"Other",607.9,"Kurd, Hunyadi u. 22/a",2023-10-28,"95 octane petrol"
"MOL",659,"Balatonlelle, M7 II. (bejövő)",2023-10-28,"95 octane petrol"
"MOL",609,"Szentes, Attila út 2.",2023-10-28,"95 octane petrol"
"Other",600.9,"Szarvas, 01319/2 hrsz. (44.-es számú főút)",2023-10-28,"95 octane petrol"
"Mobil Petrol",597.9,"Szentes, Attila út 4. (Attila út - Ipartelepi út körf.)",2023-10-28,"95 octane petrol"
"OMV",609.9,"Szekszárd, Tartsay út 8.",2023-10-28,"95 octane petrol"
"MOL",609,"Devecser, Pápai út  ",2023-10-28,"95 octane petrol"
"MOL",609,"Kóny, Dózsa Gy. u. 67.",2023-10-28,"95 octane petrol"
"Shell",608.9,"Szentes, Vásárhelyi út 110",2023-10-28,"95 octane petrol"
"Shell",639.9,"Mezőkeresztes, M3 Gelej, ÉSZAK",2023-10-28,"95 octane petrol"
"Shell",639.9,"Mezőkeresztes, M3, Gelej DÉL",2023-10-28,"95 octane petrol"
"Other",589,"Szekszárd, Tartsay Vilmos utca 40.",2023-10-28,"95 octane petrol"
"MOL",609,"Szekszárd, Csatári u.",2023-10-28,"95 octane petrol"
"OMV",598.9,"Túrkeve, 2412 hrsz",2023-10-28,"95 octane petrol"
"MOL",609,"Szarvas, Szabadság út 51-53.",2023-10-28,"95 octane petrol"
"OMV",609.9,"Balatonlelle, 7.sz. főút 138. km",2023-10-28,"95 octane petrol"
"MOL",609,"Balatonlelle, Rákóczi Ferenc u. 1.  ",2023-10-28,"95 octane petrol"
"MOL",609,"Túrkeve, Kisújszállási u. 54.",2023-10-28,"95 octane petrol"
"OMV",609.9,"Révfűlöp, Badacsonyi út 71. számú főút",2023-10-28,"95 octane petrol"
"MOL",609,"Szarvas, Békéscsabai út",2023-10-28,"95 octane petrol"
"Shell",608.9,"Szarvas, Csabai út 9.",2023-10-28,"95 octane petrol"
"MOL",609,"Kistelek, 5. sz. fkl.út jobb oldal  ",2023-10-28,"95 octane petrol"
"MOL",609,"Jánoshalma, Halasi út 91. (4099/3. hrsz).",2023-10-28,"95 octane petrol"
"Other",601.9,"Döbrököz, 157/7 Hrsz",2023-10-28,"95 octane petrol"
"Shell",608.9,"Balatonboglár, Klapka u. 32.",2023-10-28,"95 octane petrol"
"MOL",609,"Putnok, 26. sz. fkl. út",2023-10-28,"95 octane petrol"
"MOL",609,"Sűkösd, Dózsa György út 1.  ",2023-10-28,"95 octane petrol"
"Other",0,"Igal, Szent István utca 187.",2023-10-28,"95 octane petrol"
"Other",0,"Érsekcsanád, külterület 09/34 hrsz.",2023-10-28,"95 octane petrol"
"Avia",592.9,"Érsekcsanád, Kt. 09/34 hrsz.",2023-10-28,"95 octane petrol"
"OMV",599.9,"Mindszent, Napkelet utca 3/b",2023-10-28,"95 octane petrol"
"MOL",609,"Csorna, Soproni út  21.",2023-10-28,"95 octane petrol"
"Shell",608.9,"Mosonmagyaróvár, Gabonarakpart 10.",2023-10-28,"95 octane petrol"
"MOL",609,"Bonyhád, Zrínyi Miklós u. 25.  ",2023-10-28,"95 octane petrol"
"Shell",608.9,"Csorna, Soproni út 64.",2023-10-28,"95 octane petrol"
"Oil",649,"Bonyhád, Külterület 032/27. hrsz. 6 sz. főút",2023-10-28,"95 octane petrol"
"Oil",600,"Csorna, Soproni út 66/k",2023-10-28,"95 octane petrol"
"MOL",609,"Bonyhád, Kossuth Lajos u. 79. (Bonyhád elkerülő út)",2023-10-28,"95 octane petrol"
"Orlen",605,"Balástya, Öszeszék 6.",2023-10-28,"95 octane petrol"
"Other",0,"Bonyhád, Dr. Kolta László u.",2023-10-28,"95 octane petrol"
"Orlen",605,"Karcag, Madarasi út 48.",2023-10-28,"95 octane petrol"
"OMV",609.9,"Miskolc, Kandó K.-Kiss T. sarok - Kilián ltp",2023-10-28,"95 octane petrol"
"Shell",608.9,"Karcag, Kisújszállási u. 34.",2023-10-28,"95 octane petrol"
"Shell",608.9,"Tapolca, Veszprémi út 5.",2023-10-28,"95 octane petrol"
"MOL",609,"Tapolca, Kossuth út  ",2023-10-28,"95 octane petrol"
"MOL",609,"Karcag, Madarasi út",2023-10-28,"95 octane petrol"
"Shell",608.9,"Mosonmagyaróvár, Szent István király út 170.",2023-10-28,"95 octane petrol"
"MOL",609,"Dombóvár, Köztársaság u. 27. (Tüskevár)  ",2023-10-28,"95 octane petrol"
"Other",608,"Kisszállás, V. körzet 30.",2023-10-28,"95 octane petrol"
"MOL",609,"Mosonmagyaróvár, Halászi út 0139/3 Hrsz.  ",2023-10-28,"95 octane petrol"
"Shell",608.9,"Dombóvár, Juhász Gyula u. 1.",2023-10-28,"95 octane petrol"
"Other",608,"Mélykút, Öregmajor 143.",2023-10-28,"95 octane petrol"
"MOL",609,"Miskolc, Újgyőri főtér 3.",2023-10-28,"95 octane petrol"
"MOL",609,"Karcag, Gyarmati u.",2023-10-28,"95 octane petrol"
"Other",597.9,"Miskolc, Kiss Ernő utca 35.",2023-10-28,"95 octane petrol"
"MOL",609,"Tapolca, Keszthelyi u.  8",2023-10-28,"95 octane petrol"
"Other",592.9,"Mágocs, Béke utca 36.",2023-10-28,"95 octane petrol"
"Other",594,"Mágocs, Vásártér 896/8 hrsz (Ady E u 79/b)",2023-10-28,"95 octane petrol"
"OMV",609.9,"Mosonmagyaróvár, Kossuth Lajos u. 69.",2023-10-28,"95 octane petrol"
"MOL",609,"Badacsonytomaj, 71.sz. föút  ",2023-10-28,"95 octane petrol"
"Other",597.9,"Polgár, Tiszai u.7/A ",2023-10-28,"95 octane petrol"
"Avia",603.9,"Dombóvár, Kórház utca 1.",2023-10-28,"95 octane petrol"
"Other",598,"Mezőcsát, 0134/27 hrsz.",2023-10-28,"95 octane petrol"
"Other",0,"Ruzsa, Öttömösi út 6.",2023-10-28,"95 octane petrol"
"MOL",609,"Mezőcsát, Kossuth u.",2023-10-28,"95 octane petrol"
"MOL",609,"Mosonmagyaróvár, Királyhidai út 51.",2023-10-28,"95 octane petrol"
"OMV",609.9,"Nyékládháza, Viola u. 182/1",2023-10-28,"95 octane petrol"
"Mobil Petrol",597.9,"Miskolc, Futó utca 91. ",2023-10-28,"95 octane petrol"
"Other",599,"Mosonmagyaróvár, Szekeres R. u. 19. Hrsz. 537/49 Park Center parkolója",2023-10-28,"95 octane petrol"
"Oil",602,"Mosonmagyaróvár, Királyhidai út 42.",2023-10-28,"95 octane petrol"
"MOL",609,"Fonyód, József Attila u. (Bélatelep)  ",2023-10-28,"95 octane petrol"
"Orlen",605,"Kistokaj, Pesti u. 2.",2023-10-28,"95 octane petrol"
"Mobil Petrol",597.9,"Miskolc, Győri kapu - Vologda u. sarok",2023-10-28,"95 octane petrol"
"MOL",609,"Csávoly, Dózsa Gy. u. 50.",2023-10-28,"95 octane petrol"
"Other",592.9,"Baja, külterület 0402/355 hrsz.",2023-10-28,"95 octane petrol"
"Other",585,"Miskolc, Pesti út 9.",2023-10-28,"95 octane petrol"
"MOL",609,"Miskolc, Pesti út I.(bemenő)",2023-10-28,"95 octane petrol"
"MOL",609,"Miskolc, Pesti út II. (kijövő)",2023-10-28,"95 octane petrol"
"Shell",608.9,"Kazincbarcika, Attila u. 10/b.",2023-10-28,"95 octane petrol"
"MOL",609,"Baja, Dózsa Gy. u. 97.",2023-10-28,"95 octane petrol"
"Shell",608.9,"Baja, Dózsa György út 126-130.",2023-10-28,"95 octane petrol"
"MOL",609,"Kapospula, Rákóczi út 10.  ",2023-10-28,"95 octane petrol"
"OMV",609.9,"Mosonmagyaróvár, 1. számú főút",2023-10-28,"95 octane petrol"
"Avia",0,"Pörböly, Vadász utca 1. Hrsz:97",2023-10-28,"95 octane petrol"
"Shell",608.9,"Kazincbarcika, Jószerencsét út 16.",2023-10-28,"95 octane petrol"
"Other",0,"Jánossomorja, Mosonudvar 051/101 hrsz.",2023-10-28,"95 octane petrol"
"Mobil Petrol",0,"Tompa, Hunyadi út 127. 53. számú főút",2023-10-28,"95 octane petrol"
"OMV",609.9,"Miskolc, Testvérvárosok útja 2/a.",2023-10-28,"95 octane petrol"
"Shell",608.9,"Miskolc, Vologda út",2023-10-28,"95 octane petrol"
"OMV",609.9,"Miskolc, Soltész Nagy Kálmán u. 175. JOBB",2023-10-28,"95 octane petrol"
"Other",0,"Baja, Gránátos u. 11.",2023-10-28,"95 octane petrol"
"Avia",0,"Baja, Bajcsy-Zsilinszky utca 56.",2023-10-28,"95 octane petrol"
"Shell",608.9,"Baja, Dózsa Gy. út 13.",2023-10-28,"95 octane petrol"
"Oil",0,"Baja, Jánoshalmi út 6.",2023-10-28,"95 octane petrol"
"MOL",609,"Baja, Szegedi út  105.",2023-10-28,"95 octane petrol"
"MOL",609,"Gyomaendrőd, Fő út",2023-10-28,"95 octane petrol"
"OMV",0,"Gyomaendrőd, Fő út 133/1",2023-10-28,"95 octane petrol"
"MOL",609,"Kazincbarcika, Mucsonyi út 1.",2023-10-28,"95 octane petrol"
"MOL",609,"Kazincbarcika, 26. sz. főút B.C 4-es porta 3928 hrsz.",2023-10-28,"95 octane petrol"
"Orlen",605,"Mecseknádasd, Kültelek 1. 070/1hrsz",2023-10-28,"95 octane petrol"
"OMV",609.9,"Miskolc, Búza tér 16",2023-10-28,"95 octane petrol"
"MOL",609,"Bátaszék, Budai út 114-116.  ",2023-10-28,"95 octane petrol"
"MOL",609,"Miskolc, Búza tér",2023-10-28,"95 octane petrol"
"MOL",659,"Mosonmagyaróvár, M1 - M15. autópálya II. (Pf.:109)  ",2023-10-28,"95 octane petrol"
"MOL",659,"Mosonmagyaróvár, M1 - M15. autópálya I. (Pf.:109/1)",2023-10-28,"95 octane petrol"
"MOL",659,"Szatymaz, M5 autópálya 151 km bal oldal",2023-10-28,"95 octane petrol"
"Shell",608.9,"Sümeg, 84-es főút 80. km",2023-10-28,"95 octane petrol"
"Shell",608.9,"Miskolc, Szentpéteri kapu 105.",2023-10-28,"95 octane petrol"
"Orlen",610,"Miskolc, Szentpéteri kapu 78.",2023-10-28,"95 octane petrol"
"OMV",658.9,"Tompa, Külterület 0356/46",2023-10-28,"95 octane petrol"
"OMV",651.9,"Bátaszék, M6 autópálya 166.km hrsz: 120/118 jobb",2023-10-28,"95 octane petrol"
"Avia",596.9,"Miskolc, Miskolci út 0235/72 hrsz.",2023-10-28,"95 octane petrol"
"MOL",609,"Kaposszekcső, 611-es főút 0103/27 hrsz. (Petőfi u.)",2023-10-28,"95 octane petrol"
"Orlen",605,"Bátaszék, Mozi tér",2023-10-28,"95 octane petrol"
"Other",0,"Mélykút, Kúriák dűlő 1.",2023-10-28,"95 octane petrol"
"Other",594,"Sűmeg, Rendeki u. 200. hrsz.",2023-10-28,"95 octane petrol"
"Other",636,"Celldömölk, Wesselényi u. 10",2023-10-28,"95 octane petrol"
"OMV",651.9,"Bátaszék, M6 autópálya 166.km hrsz: 120/118 bal",2023-10-28,"95 octane petrol"
"Other",607,"Sűmeg, Somoskert u. 2/7.",2023-10-28,"95 octane petrol"
"Mobil Petrol",597.9,"Miskolc, József Attila út 47.",2023-10-28,"95 octane petrol"
"MOL",609,"Sűmeg, Alkotmány u.  ",2023-10-28,"95 octane petrol"
"MOL",659,"Szatymaz, M5 autópálya 151 km jobb oldal",2023-10-28,"95 octane petrol"
"Oil",596,"Levél, József Attila utca 1.",2023-10-28,"95 octane petrol"
"Other",591,"Miskolc, Sajószigeti út 2.",2023-10-28,"95 octane petrol"
"Orlen",605,"Celldömölk, Sági út 1922/7 hrsz",2023-10-28,"95 octane petrol"
"Shell",608.9,"Miskolc, József Attila út 76.",2023-10-28,"95 octane petrol"
"MOL",609,"Sajószentpéter, Kossuth Lajos út",2023-10-28,"95 octane petrol"
"MOL",609,"Celldömölk, Ostffy tér  ",2023-10-28,"95 octane petrol"
"Other",591,"Baja, Külterület 015/62 hrsz. ",2023-10-28,"95 octane petrol"
"Other",595,"Hejőbába, Tulipán utca 3. ",2023-10-28,"95 octane petrol"
"Other",582,"Celldömölk, Kolozsvár u. 16.",2023-10-28,"95 octane petrol"
"Other",595.9,"Levél, 611/28 hrsz.",2023-10-28,"95 octane petrol"
"Other",598,"Múcsony, Botond utca 4. ",2023-10-28,"95 octane petrol"
"MOL",609,"Miskolc, Boldva u. 2.",2023-10-28,"95 octane petrol"
"OMV",604.9,"Szirmabesenyő, 0119/19 hrsz.",2023-10-28,"95 octane petrol"
"Other",585,"Miskolc, József Attila utca 87.",2023-10-28,"95 octane petrol"
"OMV",609.9,"Jánossomorja, 86. sz. főút 0168/36 hrsz",2023-10-28,"95 octane petrol"
"MOL",609,"Beled, 86.sz. fkl. út  ",2023-10-28,"95 octane petrol"
"Shell",608.9,"Miskolc, 3. sz. főút",2023-10-28,"95 octane petrol"
"MOL",609,"Balatonederics, 71-es Főút 069 hrsz",2023-10-28,"95 octane petrol"
"Other",0,"Ónod, Rákóczi út 2. ",2023-10-28,"95 octane petrol"
"Other",598,"Ónod, Rákóczi út 2. ",2023-10-28,"95 octane petrol"
"MOL",609,"Dévaványa, Sport u. 5.",2023-10-28,"95 octane petrol"
"MOL",609,"Hegyeshalom, Fő út 1.",2023-10-28,"95 octane petrol"
"MOL",609,"Hódmezővásárhely, Szántó Kovács János út 170.",2023-10-28,"95 octane petrol"
"Mobil Petrol",592.9,"Hódmezővásárhely, Szántó Kovács János utca 151.",2023-10-28,"95 octane petrol"
"MOL",609,"Felsőzsolca, 3. sz. főút hrsz. 2034/14",2023-10-28,"95 octane petrol"
"MOL",609,"Nagyszénás, Orosházi út",2023-10-28,"95 octane petrol"
"MOL",609,"Rajka, Bem József u.  ",2023-10-28,"95 octane petrol"
"MOL",626.9,"Somogyjád, Külterület 021. hrsz.",2023-10-28,"95 octane petrol"
"Other",594.9,"Ásotthalom, 3/13 hrsz.",2023-10-28,"95 octane petrol"
"OMV",609.9,"Hódmezővásárhely, Kutasi út 17.",2023-10-28,"95 octane petrol"
"Mobil Petrol",592.9,"Hódmezővásárhely, Kopáncs 47-es számú főút",2023-10-28,"95 octane petrol"
"Orlen",605,"Hódmezővásárhely, Kutasi út 61.",2023-10-28,"95 octane petrol"
"MOL",609,"Edelény, 27.sz. fkl. út",2023-10-28,"95 octane petrol"
"MOL",609,"Hódmezővásárhely, Tóalj út",2023-10-28,"95 octane petrol"
"Other",597,"Aggtelek, Kossuth L. u. hrsz 1/2",2023-10-28,"95 octane petrol"
"MOL",609,"Bácsalmás, Backnang út 7.  ",2023-10-28,"95 octane petrol"
"Other",606,"Kapuvár, Ipartelepi u. 8.",2023-10-28,"95 octane petrol"
"Shell",608.9,"Hódmezővásárhely, Hódtó u. 17-19.",2023-10-28,"95 octane petrol"
"Other",592,"Mórahalom, Szegedi út",2023-10-28,"95 octane petrol"
"MOL",609,"Kapuvár, Győri út  ",2023-10-28,"95 octane petrol"
"Oil",587.9,"Szeged, Back Bernát u. 6.",2023-10-28,"95 octane petrol"
"Shell",608.9,"Tiszaújváros, Örösi út 1/A.",2023-10-28,"95 octane petrol"
"Other",603.9,"Kaposvár, Toponári út 2.",2023-10-28,"95 octane petrol"
"Other",585,"Domaszék, Vasút utca 47.",2023-10-28,"95 octane petrol"
"Oil",585.9,"Mórahalom, Röszkei út 40.",2023-10-28,"95 octane petrol"
"Other",613,"Hegyeshalom, Miklóshalmi út 1.",2023-10-28,"95 octane petrol"
"Other",598.9,"Tiszaújváros, 634/11 hrsz. 35-ös főút mellett",2023-10-28,"95 octane petrol"
"Other",594.9,"Szeged, Dorozsmai út 100.",2023-10-28,"95 octane petrol"
"Other",597.9,"Bátmonostor, Baracskai utca 57. 51. számú főút",2023-10-28,"95 octane petrol"
"MOL",609,"Tiszaújváros, 35.sz.fkl. út",2023-10-28,"95 octane petrol"
"MOL",609,"Algyő,  Szeged 47.sz.fkl.út ( Algyő Pf.:11 )  ",2023-10-28,"95 octane petrol"
"MOL",609,"Sásd, Noszlopy Gáspár u.  ",2023-10-28,"95 octane petrol"
"OMV",609.9,"Kapuvár, Petőfi major",2023-10-28,"95 octane petrol"
"Other",605.9,"Tiszaújváros, Debreceni út 2. ",2023-10-28,"95 octane petrol"
"Other",600.9,"Székkutas, Vásárhelyi út 320/3 hrsz.",2023-10-28,"95 octane petrol"
"Other",585,"Szeged, Zápor út 4.",2023-10-28,"95 octane petrol"
"MOL",609,"Balatonkeresztúr, 7.sz.fkl.út  ",2023-10-28,"95 octane petrol"
"Shell",608.9,"Szeged, Budapesti út 8.",2023-10-28,"95 octane petrol"
"MOL",609,"Pűspökladány, Keleti sor 17.",2023-10-28,"95 octane petrol"
"Shell",639.9,"Balatonkeresztúr, M7 Balatonkeresztúr - észak",2023-10-28,"95 octane petrol"
"MOL",609,"Pécsvárad, 6.sz.fkl.út  ",2023-10-28,"95 octane petrol"
"MOL",609,"Orosháza, Elkerülő út (vásárhelyi út)",2023-10-28,"95 octane petrol"
"Shell",639.9,"Balatonkeresztúr, M7 Balatonkeresztúr - dél",2023-10-28,"95 octane petrol"
"Orlen",605,"Balatonmáriafűrdő, 7-es főút 164.km 054/1 hrsz Balatonkeresztúr",2023-10-28,"95 octane petrol"
"MOL",609,"Kaposvár, Füredi út 180.  ",2023-10-28,"95 octane petrol"
"Shell",608.9,"Komló, Kossuth L. u. 54-56.",2023-10-28,"95 octane petrol"
"MOL",609,"Kaposvár, Guba Sándor út 3628/28 HRSZ",2023-10-28,"95 octane petrol"
"MOL",609,"Szeged, Dorozsmai út 16.",2023-10-28,"95 octane petrol"
"Avia",0,"Hernádkak, Széchenyi u. 1/a.",2023-10-28,"95 octane petrol"
"MOL",609,"Szeged, Dorozsmai út 20.  ",2023-10-28,"95 octane petrol"
"Orlen",605,"Szeged, Algyői út",2023-10-28,"95 octane petrol"
"Oil",587.9,"Szeged, Fonógyári út 18.",2023-10-28,"95 octane petrol"
"Other",603.9,"Magyarszék, külterület 0134/3 hrsz (66-os út mellett)",2023-10-28,"95 octane petrol"
"OMV",609.9,"Szeged, Dorozsmai út 1.",2023-10-28,"95 octane petrol"
"MOL",609,"Komló, Feketegyémánt tér  ",2023-10-28,"95 octane petrol"
"Shell",608.9,"Szeged, Algyői út",2023-10-28,"95 octane petrol"
"MOL",609,"Szeged, Csongrádi sugárút  87.",2023-10-28,"95 octane petrol"
"Mobil Petrol",587.9,"Kaposvár, Árpád út 33-35.",2023-10-28,"95 octane petrol"
"Other",597.9,"Keszthely, Csapás út - Gyenesdiási körforgalomnál ",2023-10-28,"95 octane petrol"
"OMV",609.9,"Kaposvár, Füredi út (5374/22 hrsz.)",2023-10-28,"95 octane petrol"
"Other",0,"Szikszó, Hrsz. 026/12",2023-10-28,"95 octane petrol"
"Orlen",605,"Keszthely, Tapolcai u.106.",2023-10-28,"95 octane petrol"
"Shell",608.9,"Szeged, Bajai út 2-4.",2023-10-28,"95 octane petrol"
"MOL",609,"Szeged, Makkosházi krt. 6.",2023-10-28,"95 octane petrol"
"OMV",609.9,"Szeged, Makkosházi krt. 1.",2023-10-28,"95 octane petrol"
"Mobil Petrol",646,"Keszthely, Várvölgyi út",2023-10-28,"95 octane petrol"
"Shell",608.9,"Keszthely, Csapás út 27.",2023-10-28,"95 octane petrol"
"MOL",609,"Szeged, Vásárhelyi Pál u. 25444 hrsz.",2023-10-28,"95 octane petrol"
"Other",584,"Nádudvar, Bem József u. 5.",2023-10-28,"95 octane petrol"
"MOL",609,"Szeged, Kálvária sugárút 96.  ",2023-10-28,"95 octane petrol"
"Shell",608.9,"Orosháza, Vásárhelyi u. 23/a",2023-10-28,"95 octane petrol"
"Other",599,"Hetes, Petőfi Sándor utca 1.",2023-10-28,"95 octane petrol"
"MOL",609,"Keszthely, Tapolcai út  ",2023-10-28,"95 octane petrol"
"Other",603.9,"Kaposvár, Jutai út 26/a.",2023-10-28,"95 octane petrol"
"Mobil Petrol",585.9,"Keszthely, Csapás út 5.",2023-10-28,"95 octane petrol"
"Orlen",605,"Orosháza, Arany J. u. 19.",2023-10-28,"95 octane petrol"
"Other",602.9,"Geresdlak, Hunyadi János utca",2023-10-28,"95 octane petrol"
"Shell",608.9,"Kaposvár, Berzsenyi u.",2023-10-28,"95 octane petrol"
"OMV",609.9,"Kaposvár, Áchim A u.",2023-10-28,"95 octane petrol"
"MOL",609,"Orosháza, Kettőssánc tér",2023-10-28,"95 octane petrol"
"OMV",609.9,"Keszthely, Csapás u. 2505/3",2023-10-28,"95 octane petrol"
"MOL",609,"Kaposvár, Marhahajtó út Vásár tér",2023-10-28,"95 octane petrol"
"MOL",609,"Szikszó, Vásár tér/Miskolci u.5.",2023-10-28,"95 octane petrol"
"MOL",609,"Polgár, Hajdú u. 16.(Munkácsy út)",2023-10-28,"95 octane petrol"
"Other",608.9,"Szeged, Etelka sor 13.",2023-10-28,"95 octane petrol"
"Shell",608.9,"Szeged, Szabadkai út 7.",2023-10-28,"95 octane petrol"
"MOL",609,"Kaposvár, Kanizsai u. külterület 031/7",2023-10-28,"95 octane petrol"
"Mobil Petrol",597.9,"Polgár, M3 autópálya csomópont",2023-10-28,"95 octane petrol"
"OMV",651.9,"Röszke, 0112/60 hrsz. 172 km M5 Nyugat",2023-10-28,"95 octane petrol"
"Avia",0,"Nagybaracska, Bajai út 34.",2023-10-28,"95 octane petrol"
"OMV",651.9,"Röszke, M5 autópálya 0112/25 hrsz 172 km",2023-10-28,"95 octane petrol"
"Other",0,"Röszke, 0229/104 hrsz.",2023-10-28,"95 octane petrol"
"Mobil Petrol",591.9,"Keszthely, Hévizi út",2023-10-28,"95 octane petrol"
"MOL",609,"Marcali, Noszlopy Gáspár u. 37.  ",2023-10-28,"95 octane petrol"
"Avia",607,"Marcali, Berzsenyi utca 97.",2023-10-28,"95 octane petrol"
"Other",603.9,"Balatonszentgyörgy, Berzsenyi D. u. 54",2023-10-28,"95 octane petrol"
"MOL",609,"Hévíz, Hévízi út  ",2023-10-28,"95 octane petrol"
"MOL",609,"Keszthely, Festetics György u.  ",2023-10-28,"95 octane petrol"
"Other",597.9,"Zalaszentgrót, Türjei u. és Móricz Zsigmond u. ",2023-10-28,"95 octane petrol"
"Other",599.9,"Szeged, Szőregi út 39-41.",2023-10-28,"95 octane petrol"
"Shell",608.9,"Sárvár, Feketehíd út- Deák Ferenc út",2023-10-28,"95 octane petrol"
"MOL",609,"Sárvár, Vágóhíd u. 1.  ",2023-10-28,"95 octane petrol"
"MOL",659,"Görbeháza, M3 II dél (182,5-ös km kő, hrsz: 0437/6)",2023-10-28,"95 octane petrol"
"MOL",659,"Görbeháza, M3 I. észak (182,5-ös km kő, hrsz: 0437/8)",2023-10-28,"95 octane petrol"
"OMV",609.9,"Zalaszentgrót, Koppányi út 5. Erzsébet liget utca 5.",2023-10-28,"95 octane petrol"
"MOL",609,"Szeged, Makai út  ",2023-10-28,"95 octane petrol"
"MOL",609,"Pécs, Komlói út  ",2023-10-28,"95 octane petrol"
"Mobil Petrol",591.9,"Alsópáhok, Hévizi út 14.",2023-10-28,"95 octane petrol"
"Oil",0,"Petőháza, Petőháza 269/115/A hrsz",2023-10-28,"95 octane petrol"
"OMV",609.9,"Hegyfalu, 84/86-os főutak kereszteződése",2023-10-28,"95 octane petrol"
"Orlen",605,"Mohács, Szőlőhegy 7714. hrsz.",2023-10-28,"95 octane petrol"
"MOL",600,"Kaba, 0513/118 hrsz. Meteorit út ",2023-10-28,"95 octane petrol"
"Oil",596.9,"Maroslele, M43",2023-10-28,"95 octane petrol"
"Avia",0,"Sárvár, Ikervári út 18/A",2023-10-28,"95 octane petrol"
"Shell",608.9,"Szeghalom, Kinizsi u. 12-14.",2023-10-28,"95 octane petrol"
"MOL",609,"Mezőberény, Békési út",2023-10-28,"95 octane petrol"
"MOL",609,"Pécs, Pécsváradi út 12.",2023-10-28,"95 octane petrol"
"MOL",609,"Sajtoskál, 84-es főút 83. km",2023-10-28,"95 octane petrol"
"MOL",609,"Szeghalom, Ady Endre út 22.",2023-10-28,"95 octane petrol"
"Other",0,"Megyaszó, Monoki u. 2. ",2023-10-28,"95 octane petrol"
"Shell",608.9,"Pécs, Budai vám 1. (6.sz. főút mellett)",2023-10-28,"95 octane petrol"
"Oil",602,"Fertőszéplak, Nagy Lajos utca 87.",2023-10-28,"95 octane petrol"
"Orlen",605,"Sármellék, Dózsa Gy.út 163/a",2023-10-28,"95 octane petrol"
"Shell",608.9,"Mohács, Újváros, 57. sz. főút (3403/103.hrsz)",2023-10-28,"95 octane petrol"
"OMV",609.9,"Pécs, Zsolnay út 50.",2023-10-28,"95 octane petrol"
"Shell",608.9,"Pécs, Zsolnay V. u. 41-43",2023-10-28,"95 octane petrol"
"MOL",609,"Mohács, Pécsi út  ",2023-10-28,"95 octane petrol"
"Shell",608.9,"Pécs, Zsolnay u. 4.",2023-10-28,"95 octane petrol"
"MOL",609,"Mohács, Eszéki út  ",2023-10-28,"95 octane petrol"
"MOL",609,"Pécs, Szigeti út  ",2023-10-28,"95 octane petrol"
"Mobil Petrol",602.9,"Kozármisleny, 57-es és 578-as főút körforgalmában",2023-10-28,"95 octane petrol"
"MOL",608,"Pécs, Verseny utca 1.",2023-10-28,"95 octane petrol"
"MOL",609,"Pécs, Siklósi út 9.",2023-10-28,"95 octane petrol"
"MOL",609,"Pécs, Endresz út  ",2023-10-28,"95 octane petrol"
"MOL",609,"Kám, Jókai Mór út 2.  ",2023-10-28,"95 octane petrol"
"Avia",0,"Hercegszántó, Hrsz:1216/2",2023-10-28,"95 octane petrol"
"Shell",608.9,"Pécs, Siklósi út 66.",2023-10-28,"95 octane petrol"
"Other",590,"Bekecs, Honvéd utca 228.",2023-10-28,"95 octane petrol"
"Orlen",605,"Pécs, Megyeri",2023-10-28,"95 octane petrol"
"Orlen",605,"Pécs, Makay",2023-10-28,"95 octane petrol"
"MOL",609,"Lövő, Kőszegi út hrsz.0179/39  ",2023-10-28,"95 octane petrol"
"OMV",609.9,"Pécs, Siklósi út 45.",2023-10-28,"95 octane petrol"
"Other",594,"Bekecs, Honvéd út 228.",2023-10-28,"95 octane petrol"
"MOL",609,"Pécs, 6.sz.fkl. út (Cserkút)  ",2023-10-28,"95 octane petrol"
"Shell",608.9,"Hajdúszoboszló, Kabai út felé",2023-10-28,"95 octane petrol"
"Other",598.9,"Hajdúszoboszló, Kabai útfél 0345/112 hrsz",2023-10-28,"95 octane petrol"
"MOL",609,"Pécs, Maléter Pál u. Hrsz. 21169",2023-10-28,"95 octane petrol"
"MOL",609,"Bóly, külterület 0184/158 hrsz.",2023-10-28,"95 octane petrol"
"Other",584.9,"Földes, Bem utca 2. ",2023-10-28,"95 octane petrol"
"MOL",609,"Békéscsaba, Szarvasi út",2023-10-28,"95 octane petrol"
"OMV",609.9,"Békés, Kossuth L. u. 4.",2023-10-28,"95 octane petrol"
"OMV",609.9,"Békéscsaba, Szarvasi út 103.",2023-10-28,"95 octane petrol"
"MOL",609,"Szentlászló, 066/2 hrsz.  ",2023-10-28,"95 octane petrol"
"MOL",609,"Szerencs, Gyár út 38.",2023-10-28,"95 octane petrol"
"MOL",609,"Szerencs, 37.sz. fkl. út",2023-10-28,"95 octane petrol"
"Shell",608.9,"Békéscsaba, Berényi út 121.",2023-10-28,"95 octane petrol"
"Shell",608.9,"Békés, Külterület 072/47. hrsz.",2023-10-28,"95 octane petrol"
"MOL",609,"Böhönye, Szabadság u.  ",2023-10-28,"95 octane petrol"
"MOL",609,"Hajdúszoboszló, Debreceni út",2023-10-28,"95 octane petrol"
"Other",585.9,"Békéscsaba, Szarvasi út 68.",2023-10-28,"95 octane petrol"
"OMV",609.9,"Hajdúszoboszló, Hóvirág u. 2",2023-10-28,"95 octane petrol"
"Other",592.9,"Makó, Justh Gyula utca 67.",2023-10-28,"95 octane petrol"
"Orlen",605,"Böhönye, 61-es és 68-as csomópont",2023-10-28,"95 octane petrol"
"OMV",609.9,"Békéscsaba, Szarvasi út 16-18.",2023-10-28,"95 octane petrol"
"OMV",609.9,"Makó, Kossuth Lajos u. 5.",2023-10-28,"95 octane petrol"
"Other",597,"Vésztő, Kossuth Lajos utca 127.",2023-10-28,"95 octane petrol"
"Orlen",605,"Pacsa, 75-ös Főút",2023-10-28,"95 octane petrol"
"Other",581.9,"Békéscsaba, Gyár utca 1.",2023-10-28,"95 octane petrol"
"MOL",609,"Kadarkút, Kaposvári u.  ",2023-10-28,"95 octane petrol"
"MOL",609,"Békéscsaba, Bartók Béla út",2023-10-28,"95 octane petrol"
"Other",579,"Békéscsaba, Bartók Béla út 42-44.",2023-10-28,"95 octane petrol"
"MOL",609,"Csepreg, Rákóczi út  ",2023-10-28,"95 octane petrol"
"Avia",601,"Forró, Fő utca 133.",2023-10-28,"95 octane petrol"
"Shell",608.9,"Makó, Aradi út 103.",2023-10-28,"95 octane petrol"
"Shell",608.9,"Makó, Aradi u. 117.",2023-10-28,"95 octane petrol"
"Other",612,"Tiszavasvári, Polgári út 1.",2023-10-28,"95 octane petrol"
"Mobil Petrol",653,"Zalakomár, Tavasz utca 32",2023-10-28,"95 octane petrol"
"MOL",609,"Encs, 3.sz.fkl.út",2023-10-28,"95 octane petrol"
"MOL",609,"Békéscsaba, Sportcsarnok",2023-10-28,"95 octane petrol"
"MOL",609,"Vasvár, Dr.Tretter László u.52.  ",2023-10-28,"95 octane petrol"
"MOL",609,"Békéscsaba, Corvin u. 31.",2023-10-28,"95 octane petrol"
"MOL",659,"Zalakomár, 8752 észak - INA benzikút M7",2023-10-28,"95 octane petrol"
"MOL",659,"Zalakomár, 8752 dél - INA benzikút M7",2023-10-28,"95 octane petrol"
"MOL",609,"Nagycenk, 84.sz.fkl. út  ",2023-10-28,"95 octane petrol"
"Other",612,"Hajdúnánás, Vihar Béla utca 2.",2023-10-28,"95 octane petrol"
"Orlen",605,"Békéscsaba, Gyulai út 84.",2023-10-28,"95 octane petrol"
"MOL",609,"Szentlőrinc, Törökföld u.",2023-10-28,"95 octane petrol"
"MOL",609,"Hajdúnánás, Tiszavasvári út",2023-10-28,"95 octane petrol"
"MOL",609,"Szalánta, 58. Főút",2023-10-28,"95 octane petrol"
"MOL",609,"Tiszalök, Táncsics Mihály u. 86.",2023-10-28,"95 octane petrol"
"Other",597.9,"Zalaegerszeg, Balatoni u 5-7. / Zalapark",2023-10-28,"95 octane petrol"
"Other",592,"Hajdúszovát, Derecskei út 1. ",2023-10-28,"95 octane petrol"
"Orlen",605,"Zalaegerszeg, Kaszaházi út 96.",2023-10-28,"95 octane petrol"
"Shell",608.9,"Zalaegerszeg, Balatoni út 2735/1 hrsz.",2023-10-28,"95 octane petrol"
"OMV",609.9,"Hajdúnánás, Dorogi út vége",2023-10-28,"95 octane petrol"
"Other",583,"Ebes, Széchenyi u. 3. Coop üzlet udvarában ",2023-10-28,"95 octane petrol"
"MOL",609,"Zalaegerszeg, Balatoni út I.  ",2023-10-28,"95 octane petrol"
"MOL",609,"Segesd, Dózsa György tér  ",2023-10-28,"95 octane petrol"
"Shell",608.9,"Hajdúböszörmény, Tessedik S. u. 2.",2023-10-28,"95 octane petrol"
"MOL",609,"Mezőkovácsháza, Vásárhelyi út 1.",2023-10-28,"95 octane petrol"
"Orlen",605,"Galambok, 7-es főút 196km 024/5 hrsz",2023-10-28,"95 octane petrol"
"MOL",609,"Zalaegerszeg, Zrínyi Miklós út 20.  ",2023-10-28,"95 octane petrol"
"MOL",609,"Zalaegerszeg, Göcseji u. 37/A",2023-10-28,"95 octane petrol"
"Other",656.9,"Hajdúböszörmény, M35 autópálya 31. km szelvény JOBB oldal",2023-10-28,"95 octane petrol"
"Other",656.9,"Hajdúböszörmény, M35 autópálya 31. km szelvény BAL oldal",2023-10-28,"95 octane petrol"
"MOL",609,"Hajdúböszörmény, Debreceni út 1.",2023-10-28,"95 octane petrol"
"OMV",609.9,"Zalaegerszeg, Göcseji út 26.",2023-10-28,"95 octane petrol"
"Shell",608.9,"Szombathely, Zanati út 70.",2023-10-28,"95 octane petrol"
"MOL",609,"Szombathely, Zanati út II. 29.",2023-10-28,"95 octane petrol"
"MOL",609,"Szombathely, Zanati út  56",2023-10-28,"95 octane petrol"
"OMV",609.9,"Szombathely, Csabai út 15.",2023-10-28,"95 octane petrol"
"MOL",609,"Mezőhegyes, Kinizsi tér 1.",2023-10-28,"95 octane petrol"
"MOL",609,"Hajdúdorog, Böszörményi út 85.",2023-10-28,"95 octane petrol"
"MOL",609,"Villány, Virágosi út hrsz.0102.  ",2023-10-28,"95 octane petrol"
"Shell",608.9,"Zalaegerszeg, Hock J. u. 100",2023-10-28,"95 octane petrol"
"Shell",608.9,"Sopron, Ipar krt. 30.",2023-10-28,"95 octane petrol"
"Shell",608.9,"Szigetvár, József Attila u.",2023-10-28,"95 octane petrol"
"Other",581,"Szombathely, Söptei út 78.",2023-10-28,"95 octane petrol"
"Other",592,"Zalaegerszeg, Gazdaság út 32.",2023-10-28,"95 octane petrol"
"Other",572,"Zalaegerszeg, Teskándi út 38.",2023-10-28,"95 octane petrol"
"OMV",609.9,"Szombathely, Rumi út",2023-10-28,"95 octane petrol"
"Other",585,"Csanádpalota, Hrsz 0200/23",2023-10-28,"95 octane petrol"
"MOL",609,"Szigetvár, József Attila u. 66.  ",2023-10-28,"95 octane petrol"
"MOL",609,"Sopron, Győri út 42.",2023-10-28,"95 octane petrol"
"MOL",609,"Szombathely, Márkus Emília utca 10.",2023-10-28,"95 octane petrol"
"MOL",609,"Szombathely, Viktória út 1.",2023-10-28,"95 octane petrol"
"MOL",609,"Tokaj, Tarcali út 86.",2023-10-28,"95 octane petrol"
"MOL",609,"Berettyóújfalu, 42.sz. fkl. út Földesi út 49.",2023-10-28,"95 octane petrol"
"OMV",609.9,"Sopron, Csengery u. 93.",2023-10-28,"95 octane petrol"
"Shell",608.9,"Szombathely, Kőszegi út",2023-10-28,"95 octane petrol"
"Shell",608.9,"Szombathely, Kiskar u. 6.",2023-10-28,"95 octane petrol"
"MOL",609,"Sopron, Kőfaragó tér  ",2023-10-28,"95 octane petrol"
"OMV",609.9,"Szombathely, Körmendi út 92.",2023-10-28,"95 octane petrol"
"Avia",589.9,"Szombathely, Körmendi út 92.",2023-10-28,"95 octane petrol"
"Orlen",605,"Debrecen, Balmazújvárosi út",2023-10-28,"95 octane petrol"
"OMV",609.9,"Sopron, Lackner Kristóf u. 29.",2023-10-28,"95 octane petrol"
"Shell",608.9,"Sopron, Lackner K. u. 60",2023-10-28,"95 octane petrol"
"Other",585,"Debrecen, Kishatár u. 7.",2023-10-28,"95 octane petrol"
"MOL",609,"Berettyóújfalu, 47.sz.fkl.út",2023-10-28,"95 octane petrol"
"Other",603.9,"Nagyharsány, Beremendi út",2023-10-28,"95 octane petrol"
"Shell",608.9,"Debrecen, Balmazújvárosi út 5.",2023-10-28,"95 octane petrol"
"OMV",609.9,"Kőszeg, Szombathelyi út 2.",2023-10-28,"95 octane petrol"
"Other",606,"Sopron, Somfalvi u. 16.",2023-10-28,"95 octane petrol"
"Other",606,"Sopron, Bánfalvi u. 4/D.",2023-10-28,"95 octane petrol"
"Shell",608.9,"Szombathely, Dolgozók útja",2023-10-28,"95 octane petrol"
"Oil",599.9,"Gyula, Csabai út 3.",2023-10-28,"95 octane petrol"
"Other",598.9,"Komádi, Nagy Sándor József utca 65. ",2023-10-28,"95 octane petrol"
"MOL",609,"Gyula, Csabai út 30.",2023-10-28,"95 octane petrol"
"MOL",609,"Nagyatád, Lábodi út  30.",2023-10-28,"95 octane petrol"
"MOL",609,"Debrecen, István út 147.",2023-10-28,"95 octane petrol"
"OMV",609.9,"Debrecen, István út 137.",2023-10-28,"95 octane petrol"
"Shell",608.9,"Debrecen, István utca 124.",2023-10-28,"95 octane petrol"
"Shell",608.9,"Gyula, Csabai út 1.",2023-10-28,"95 octane petrol"
"MOL",609,"Komádi, Szent István út 24.",2023-10-28,"95 octane petrol"
"MOL",609,"Kőszeg, Petőfi Sándor tér  ",2023-10-28,"95 octane petrol"
"MOL",609,"Debrecen, Böszörményi út",2023-10-28,"95 octane petrol"
"MOL",609,"Siklós, Felszabadulás út 1211/9 hrsz.",2023-10-28,"95 octane petrol"
"Shell",608.9,"Debrecen, Böszörményi út 1.",2023-10-28,"95 octane petrol"
"MOL",609,"Debrecen, Segner tér, Nyugati u. 6.",2023-10-28,"95 octane petrol"
"OMV",609.9,"Debrecen, Füredi út 27.",2023-10-28,"95 octane petrol"
"Shell",608.9,"Rakamaz, Tokaji út",2023-10-28,"95 octane petrol"
"MOL",609,"Sopron, Határátkelő I. (kimenő)  ",2023-10-28,"95 octane petrol"
"Other",656.9,"Kálmánháza, M3 ap. Kálmánháza JOBB OLDAL",2023-10-28,"95 octane petrol"
"Other",656.9,"Kálmánháza, M3 ap. Kálmánháza BAL OLDAL",2023-10-28,"95 octane petrol"
"MOL",609,"Harkány, Pécsi út  ",2023-10-28,"95 octane petrol"
"MOL",609,"Debrecen, Mikepércsi út I. (kimenő)",2023-10-28,"95 octane petrol"
"Orlen",605,"Nagylak, határátkelőhely hrsz.22/5",2023-10-28,"95 octane petrol"
"MOL",609,"Debrecen, Mikepércsi út II. (bejövő)",2023-10-28,"95 octane petrol"
"Other",603.9,"Nagyatád, Berzencei út 0220/33. hrsz.",2023-10-28,"95 octane petrol"
"OMV",609.9,"Körmend, Rákóczi út 86/8 kereszteződése",2023-10-28,"95 octane petrol"
"MOL",609,"Gyula, Temesvári út 3469/2 hrsz.",2023-10-28,"95 octane petrol"
"Other",585,"Debrecen, Külső Kassai út 9. ",2023-10-28,"95 octane petrol"
"MOL",609,"Debrecen, Benedek tér",2023-10-28,"95 octane petrol"
"Other",580,"Körmend, Sport utca 5. (TESCO)",2023-10-28,"95 octane petrol"
"Other",603,"Nagycserkesz, Vasvári Pál utca 102/6",2023-10-28,"95 octane petrol"
"MOL",609,"Debrecen, Kassai út 27.",2023-10-28,"95 octane petrol"
"Shell",608.9,"Nagykanizsa, Boszorkány u. 2.",2023-10-28,"95 octane petrol"
"MOL",609,"Körmend, Rákóczi Ferenc út  ",2023-10-28,"95 octane petrol"
"MOL",607,"Debrecen, Monostorpályi út 35/A.",2023-10-28,"95 octane petrol"
"OMV",609.9,"Debrecen, Kassai út 92.",2023-10-28,"95 octane petrol"
"Shell",608.9,"Nagykanizsa, Balatoni út",2023-10-28,"95 octane petrol"
"Other",604.1,"Debrecen, Gizella u. 8. ",2023-10-28,"95 octane petrol"
"OMV",609.9,"Nagykanizsa, Hevesi Sándor u. 5.",2023-10-28,"95 octane petrol"
"Other",597.9,"Nagykanizsa, Táborhely u. 4.",2023-10-28,"95 octane petrol"
"MOL",609,"Nagykanizsa, Balatoni út  ",2023-10-28,"95 octane petrol"
"OMV",609.9,"Nagykanizsa, Virág Benedek u. 4.",2023-10-28,"95 octane petrol"
"MOL",609,"Nagykanizsa, Elkerülő út - Garai út 17.",2023-10-28,"95 octane petrol"
"Other",566.9,"Nagykanizsa, Magyar utca 166.",2023-10-28,"95 octane petrol"
"Other",583,"Torony, Felsőőri u. Ipartelep 9.",2023-10-28,"95 octane petrol"
"Other",577.9,"Debrecen, Diószegi utca 32-34.",2023-10-28,"95 octane petrol"
"MOL",609,"Debrecen, Sámsoni út",2023-10-28,"95 octane petrol"
"Orlen",605,"Nagykanizsa, Magyar u. 118.",2023-10-28,"95 octane petrol"
"Shell",608.9,"Körmend, Rákóczi út 124.",2023-10-28,"95 octane petrol"
"Other",593.9,"Nádasd, Petőfi u. 96.",2023-10-28,"95 octane petrol"
"MOL",609,"Téglás, 4.sz. fkl. út",2023-10-28,"95 octane petrol"
"Mobil Petrol",597.9,"Nagykanizsa, 7. főút és 74. sz. főút körforgalom",2023-10-28,"95 octane petrol"
"MOL",609,"Nagykanizsa, Camping  ",2023-10-28,"95 octane petrol"
"Other",603,"Gönc, Virágos utca 2/A",2023-10-28,"95 octane petrol"
"Other",603,"Tolcsva, 37. sz. főút tolcsvai elágazása 049. hrsz",2023-10-28,"95 octane petrol"
"MOL",609,"Sarkad, Vásár tér 1-3",2023-10-28,"95 octane petrol"
"MOL",609,"Vajszló, Széchenyi István út 34.  ",2023-10-28,"95 octane petrol"
"MOL",609,"Hosszúpályi, Földvár u. 1/a.",2023-10-28,"95 octane petrol"
"Other",612,"Nyíregyháza, Tiszavasvári út, Zomboribokor",2023-10-28,"95 octane petrol"
"MOL",609,"Újfehértó, 4.sz. fkl. út",2023-10-28,"95 octane petrol"
"Other",603,"Hajdúsámson, Hadházi út 040/6",2023-10-28,"95 octane petrol"
"MOL",609,"Csurgó, Iharos út  ",2023-10-28,"95 octane petrol"
"MOL",609,"Gávavencsellő, Petőfi Sándor u. 53.  ",2023-10-28,"95 octane petrol"
"MOL",609,"Biharkeresztes, 42. sz. fkl. út",2023-10-28,"95 octane petrol"
"OMV",609.9,"Nyíregyháza, Tiszavasvári u. 39.",2023-10-28,"95 octane petrol"
"Orlen",605,"Nyíregyháza, külterület 01199/2 hrsz.",2023-10-28,"95 octane petrol"
"MOL",609,"Nyíregyháza, Tokaji út ( Repülötér )",2023-10-28,"95 octane petrol"
"MOL",609,"Nyíregyháza, Vasgyár u. 18.",2023-10-28,"95 octane petrol"
"Shell",608.9,"Nyíregyháza, Mező u. 28-40.",2023-10-28,"95 octane petrol"
"MOL",609,"Nyíregyháza, Széna tér",2023-10-28,"95 octane petrol"
"OMV",609.9,"Nyíregyháza, Debreceni út 99.",2023-10-28,"95 octane petrol"
"OMV",609.9,"Nyíregyháza, Kert u. 47.",2023-10-28,"95 octane petrol"
"MOL",609,"Nyíregyháza, László u.",2023-10-28,"95 octane petrol"
"Shell",608.9,"Nyíregyháza, Korányi Frigyes utca 14",2023-10-28,"95 octane petrol"
"MOL",609,"Nyíregyháza, Pazonyi út",2023-10-28,"95 octane petrol"
"Other",590.9,"Becsehely, Hrsz. 011/31",2023-10-28,"95 octane petrol"
"MOL",609,"Nyíregyháza, Nagykállói út",2023-10-28,"95 octane petrol"
"Other",612,"Nyíregyháza, Lujza u. 9.",2023-10-28,"95 octane petrol"
"Shell",608.9,"Nyíregyháza, Orosi út 22.",2023-10-28,"95 octane petrol"
"Shell",608.9,"Nyíregyháza, Pazonyi út 36.",2023-10-28,"95 octane petrol"
"MOL",609,"Sárospatak, Wesselényi Miklós út",2023-10-28,"95 octane petrol"
"Other",0,"Sárospatak, Déryné u. 12.",2023-10-28,"95 octane petrol"
"MOL",609,"Barcs, Erkel Ferenc utca hrsz.1931  ",2023-10-28,"95 octane petrol"
"Other",605,"Ibrány, Vár utca 2. ",2023-10-28,"95 octane petrol"
"Other",0,"Nyírpazony, Vasvári Pál u. 339/1 hrsz.",2023-10-28,"95 octane petrol"
"MOL",609,"Nagykálló, Korányi Frigyes út  104.",2023-10-28,"95 octane petrol"
"Other",608,"Balkány, 0139/17 hrsz.",2023-10-28,"95 octane petrol"
"MOL",609,"Vámospércs, Debreceni út",2023-10-28,"95 octane petrol"
"MOL",609,"Letenye, Bajcsy-Zsilinszki Endre u.  38",2023-10-28,"95 octane petrol"
"Avia",599.9,"Nyíradony, Debreceni út 100.",2023-10-28,"95 octane petrol"
"Other",649,"Nagyhalász, Ibrányi út 22.",2023-10-28,"95 octane petrol"
"Avia",597,"Őriszentpéter, Városszer 22.",2023-10-28,"95 octane petrol"
"Other",587.9,"Kemecse, Szent István utca 35.",2023-10-28,"95 octane petrol"
"MOL",609,"Lenti, Széchenyi tér 3.  ",2023-10-28,"95 octane petrol"
"Other",608,"Nyírtura, Újmajori út 10. ",2023-10-28,"95 octane petrol"
"MOL",609,"Sátoraljaújhely, Várhegy utca",2023-10-28,"95 octane petrol"
"Other",595,"Sátoraljaújhely, Béke tanya 077/17 hrsz. ",2023-10-28,"95 octane petrol"
"Orlen",605,"Szentgotthárd, 8-as út (Szentgotthárd 0355/51 hrsz) Rábafüzes",2023-10-28,"95 octane petrol"
"MOL",609,"Szentgotthárd, 8 - as út",2023-10-28,"95 octane petrol"
"MOL",609,"Szentgotthárd, Rábafüzesi út 1.  ",2023-10-28,"95 octane petrol"
"Orlen",605,"Apagy, 41-es főút/Béke út 55",2023-10-28,"95 octane petrol"
"Orlen",605,"Nyírmihálydi, Külterület 015/8 hrsz",2023-10-28,"95 octane petrol"
"MOL",609,"Rédics, 86.sz.fkl. út  ",2023-10-28,"95 octane petrol"
"MOL",609,"Esztergom, Dorogi út (111.sz.fkl út)",2023-10-28,"95 octane petrol"
"Other",593,"Székely, Kapitány út 0156/20 hrsz.",2023-10-28,"95 octane petrol"
"MOL",609,"Máriapócs, Pócsi sarok  ",2023-10-28,"95 octane petrol"
"Other",608,"Demecser, Szabolcsvezér út 904 hrsz.",2023-10-28,"95 octane petrol"
"Other",592,"Levelek, Rákóczi utca 50.Volt T.SZ.-telep",2023-10-28,"95 octane petrol"
"Other",605,"Cigánd, Vasút utca 52/a",2023-10-28,"95 octane petrol"
"MOL",609,"Dombrád, Tiszakanyári út (Hágóhegy)  ",2023-10-28,"95 octane petrol"
"MOL",609,"Baktalórántháza, 41.sz. főút 27. km",2023-10-28,"95 octane petrol"
"Other",595,"Baktalórántháza, Vasút u. 80.",2023-10-28,"95 octane petrol"
"Other",612,"Nyírbátor, Szentvér út 41.",2023-10-28,"95 octane petrol"
"MOL",609,"Nyírbátor, Császári út",2023-10-28,"95 octane petrol"
"MOL",609,"Kisvárda, Attila út",2023-10-28,"95 octane petrol"
"Shell",608.9,"Kisvárda, Városmajor út 72.",2023-10-28,"95 octane petrol"
"Other",601,"Kisvárda, Ipari út 3197/10 hrsz.",2023-10-28,"95 octane petrol"
"Shell",608.9,"Kisvárda, Csillag u. 46.",2023-10-28,"95 octane petrol"
"Other",608,"Kisvárda, Hármas út 8/a",2023-10-28,"95 octane petrol"
"Other",608,"Nyírmada, Ady Endre út 370/6 hrsz.",2023-10-28,"95 octane petrol"
"Other",612,"Mátészalka, Meggyesi út 31.",2023-10-28,"95 octane petrol"
"MOL",609,"Mátészalka, Vásár tér 5.",2023-10-28,"95 octane petrol"
"Shell",608.9,"Mátészalka, Alkotmány út 1",2023-10-28,"95 octane petrol"
"Other",603,"Mándok, Ady Endre utca 77. ",2023-10-28,"95 octane petrol"
"MOL",609,"Záhony, 4.sz. fkl. út",2023-10-28,"95 octane petrol"
"Other",612,"Vásárosnamény, Ilki út 1.",2023-10-28,"95 octane petrol"
"Other",612,"Vásárosnamény, 4215/5 hrsz. ",2023-10-28,"95 octane petrol"
"MOL",609,"Vásárosnamény, Nyíregyházi út 1.",2023-10-28,"95 octane petrol"
"Other",612,"Fehérgyarmat, Mártírok útja 12.",2023-10-28,"95 octane petrol"
"Shell",608.9,"Fehérgyarmat, Mártírok útja 38.",2023-10-28,"95 octane petrol"
"MOL",609,"Fehérgyarmat, Alkotmány út 31.",2023-10-28,"95 octane petrol"
"Other",612,"Porcsalma, Szabadság tér 15.",2023-10-28,"95 octane petrol"
"MOL",609,"Csenger, Ady Endre u. 113.",2023-10-28,"95 octane petrol"
"MOL",609,"Lakitelek, Szikra u. 206/C",2023-10-28,"95 octane petrol"
